Workbook

Sheet Prices
A1: Insurgency: Sandstorm | B1: 39.99
A2: Insurgency: Sandstorm - Gold Edition | B2: 69.99
A3: Insurgency: Sandstorm - Y1 and Y2 Passes | B3: -
A4: Insurgency: Sandstorm - Deluxe Edition | B4: 49.99
A5: Insurgency: Sandstorm - Ultimate Edition | B5: 79.99
A6: Insurgency: Sandstorm - Year Pass 1 + 2 | B6: 44.99
A7: Insurgency: Sandstorm - Year Pass 1 + 2 + 3 | B7: 59.99
A8: Insurgency: Sandstorm - Year Pass 3 | B8: 34.99
A9: SnowRunner - 1-Year Anniversary Edition | B9: 39.99
A10: SnowRunner - Year 1 Pass | B10: 24.99
A11: SnowRunner - 2-Year Anniversary Edition | B11: 69.99
A12: SnowRunner - 4-Year Anniversary Edition | B12: 109.99
A13: SnowRunner - 2-Year Anniversary Edition Upgrade | B13: 39.99
A14: SnowRunner - 3-Year Anniversary Edition Upgrade | B14: 59.99
A15: SnowRunner - 4-Year Anniversary Edition Upgrade | B15: 79.99
... A17: SnowRunner - 3-Year Anniversary Edition | B17: 79.99
A18: SnowRunner - DLCs | B18: -
A19: SnowRunner - Seasons 1 to 12 | B19: -
A20: SnowRunner - Season 13 | B20: 6.99
A21: SnowRunner - Seasons 14 | B21: 6.99
A22: SnowRunner - Year 2 Pass | B22: 24.99
A23: SnowRunner - Year 3 Pass | B23: 24.99
A24: Expeditions Base Game | B24: 49.99
A25: Expeditions Supreme Edition | B25: 79.99
A26: Expeditions Year 1 Edition | B26: 69.99
A27: Warhammer 40,000 : Space Marine 2 | B27: 69.99
A28: Warhammer 40,000: Space Marine 2 - Ultra Edition | B28: 109.99
A29: Warhammer 40,000 : Space Marine 2 - Gold Edition | B29: 99.99
A30: Warhammer 40,000: Space Marine 2 - Gold Edition | B30: 99.99
A31: Warhammer 40,000: Space Marine 2 - DLCs | B31: -
A32: Warhammer 40,000: Space Marine 2 - Season Pass | B32: 39.99
A33: Warhammer 40,000: Space Marine 2 | B33: 69.99

Sheet SM2 2026
A1: 2026
A2: Start Date | B2: End Date | C2: Program | D2: Content Name | E2: Current SRP ($USD) | F2: Promo SRP ($USD) | G2: Discount %
A3: STEAM
A4: 46030 | B4: 46044 | C4: Custom Sales | D4: Warhammer 40,000: Space Marine 2 | E4: 59.99 | F4: =E4*(1-G4) -> 23.996 | G4: 0.6
A5: 46030 | B5: 46044 | C5: Custom Sales | D5: Warhammer 40,000: Space Marine 2 1 Year Anniversary | E5: 89.99 | F5: =E5*(1-G5) -> 35.996 | G5: 0.6
A6: 46030 | B6: 46044 | C6: Custom Sales | D6: Warhammer 40,000: Space Marine 2 Ultra Edition | E6: 99.99 | F6: =E6*(1-G6) -> 49.995 | G6: 0.5
A7: 46030 | B7: 46044 | C7: Custom Sales | D7: Warhammer 40,000: Space Marine 2 2 Year Anniversary | E7: 119.99 | F7: =E7*(1-G7) -> 79.1934 | G7: 0.34
A8: 46030 | B8: 46044 | C8: Custom Sales | D8: Warhammer 40,000: Space Marine 2 - Season Pass | E8: 39.99 | F8: =E8*(1-G8) -> 29.9925 | G8: 0.25
A9: 46030 | B9: 46044 | C9: Custom Sales | D9: Warhammer 40,000: Space Marine 2 - DLC 1,3 | E9: 4.99 | F9: =E9*(1-G9) -> 3.992 | G9: 0.2
A10: 46030 | B10: 46044 | C10: Custom Sales | D10: Warhammer 40,000: Space Marine 2 - OST | E10: 6.99 | F10: =E10*(1-G10) -> 5.592 | G10: 0.2
A11: 46030 | B11: 46044 | C11: Custom Sales | D11: Warhammer 40,000: Space Marine 2 - Artbook | E11: 7.99 | F11: =E11*(1-G11) -> 6.392 | G11: 0.2
A12: 46030 | B12: 46044 | C12: Custom Sales | D12: Warhammer 40,000: Space Marine 2 - DLC 4 (Dark Angels) | E12: 9.99 | F12: =E12*(1-G12) -> 7.992 | G12: 0.2
A13: 46030 | B13: 46044 | C13: Custom Sales | D13: Warhammer 40,000: Space Marine 2 - DLC 8 (Salamanders) | E13: 7.99 | F13: =E13*(1-G13) -> 6.392 | G13: 0.2
A14: 46030 | B14: 46044 | C14: Custom Sales | D14: Warhammer 40,000: Space Marine 2 - DLC 7 (Raven Guard) | E14: 4.99 | F14: =E14*(1-G14) -> 3.992 | G14: 0.2
A15: 46030 | B15: 46044 | C15: Custom Sales | D15: Warhammer 40,000: Space Marine 2 - DLC 5 (Space Wolves) | E15: 9.99 | F15: =E15*(1-G15) -> 7.992 | G15: 0.2
... A143: 46219 | B143: 46233 | C143: Custom Sales | D143: Warhammer 40,000: Space Marine 2 - DLC 15 (Blood Angels champion) | E143: 7.99 | F143: =E143*(1-G143) -> 5.9925 | G143: 0.25
A144: 46219 | B144: 46233 | C144: Custom Sales | D144: Warhammer 40,000: Space Marine 2 - DLC 17 (Carcharodons cosmectic) | E144: 4.99 | F144: =E144*(1-G144) -> 3.7425 | G144: 0.25 | H144: Feb
A145: 46219 | B145: 46233 | C145: Custom Sales | D145: Warhammer 40,000: Space Marine 2 - DLC 16 (Raven guards) | E145: 7.99 | F145: =E145*(1-G145) -> 5.9925 | G145: 0.25 | H145: Feb
A146: 46219 | B146: 46233 | C146: Custom Sales | D146: Warhammer 40,000: Space Marine 2 - DLC 18 (Iron Hands) | E146: 9.99 | F146: =E146*(1-G146) -> 7.992 | G146: 0.2 | H146: May
A148: 46268 | B148: 46279 | C148: Publisher Sales | D148: Warhammer 40,000: Space Marine 2 | E148: 59.99 | F148: =E148*(1-G148) -> 17.997 | G148: 0.7
A149: 46268 | B149: 46279 | C149: Publisher Sales | D149: Warhammer 40,000: Space Marine 2 1 Year Anniversary | E149: 89.99 | F149: =E149*(1-G149) -> 26.997 | G149: 0.7
A150: 46268 | B150: 46279 | C150: Publisher Sales | D150: Warhammer 40,000: Space Marine 2 Ultra Edition | E150: 99.99 | F150: =E150*(1-G150) -> 49.995 | G150: 0.5
A151: 46268 | B151: 46279 | C151: Publisher Sales | D151: Warhammer 40,000: Space Marine 2 2 Year Anniversary | E151: 119.99 | F151: =E151*(1-G151) -> 53.9955 | G151: 0.55
A152: 46268 | B152: 46279 | C152: Publisher Sales | D152: Warhammer 40,000: Space Marine 2 - Season Pass | E152: 39.99 | F152: =E152*(1-G152) -> 27.993 | G152: 0.3
A153: 46268 | B153: 46279 | C153: Publisher Sales | D153: Warhammer 40,000: Space Marine 2 - Season Pass 2 | E153: 39.99 | F153: =E153*(1-G153) -> 29.9925 | G153: 0.25
A154: 46268 | B154: 46279 | C154: Publisher Sales | D154: Warhammer 40,000: Space Marine 2 - DLC 1,3 | E154: 4.99 | F154: =E154*(1-G154) -> 3.7425 | G154: 0.25
A155: 46268 | B155: 46279 | C155: Publisher Sales | D155: Warhammer 40,000: Space Marine 2 - OST | E155: 6.99 | F155: =E155*(1-G155) -> 5.2425 | G155: 0.25
A156: 46268 | B156: 46279 | C156: Publisher Sales | D156: Warhammer 40,000: Space Marine 2 - Artbook | E156: 7.99 | F156: =E156*(1-G156) -> 5.9925 | G156: 0.25
A157: 46268 | B157: 46279 | C157: Publisher Sales | D157: Warhammer 40,000: Space Marine 2 - DLC 4 (Dark Angels) | E157: 9.99 | F157: =E157*(1-G157) -> 7.4925 | G157: 0.25
A158: 46268 | B158: 46279 | C158: Publisher Sales | D158: Warhammer 40,000: Space Marine 2 - DLC 8 (Salamanders) | E158: 7.99 | F158: =E158*(1-G158) -> 5.9925 | G158: 0.25
A159: 46268 | B159: 46279 | C159: Publisher Sales | D159: Warhammer 40,000: Space Marine 2 - DLC 7 (Raven Guard) | E159: 4.99 | F159: =E159*(1-G159) -> 3.7425 | G159: 0.25
... A165: 46268 | B165: 46279 | C165: Publisher Sales | D165: Warhammer 40,000: Space Marine 2 - DLC 15 (Blood Angels champion) | E165: 7.99 | F165: =E165*(1-G165) -> 5.9925 | G165: 0.25
A166: 46268 | B166: 46279 | C166: Publisher Sales | D166: Warhammer 40,000: Space Marine 2 - DLC 17 (Carcharodons cosmectic) | E166: 4.99 | F166: =E166*(1-G166) -> 3.7425 | G166: 0.25 | H166: Feb
A167: 46268 | B167: 46279 | C167: Publisher Sales | D167: Warhammer 40,000: Space Marine 2 - DLC 16 (Raven guards) | E167: 7.99 | F167: =E167*(1-G167) -> 5.9925 | G167: 0.25 | H167: Feb
A168: 46268 | B168: 46279 | C168: Publisher Sales | D168: Warhammer 40,000: Space Marine 2 - DLC 18 (Iron Hands) | E168: 9.99 | F168: =E168*(1-G168) -> 7.4925 | G168: 0.25 | H168: May
A169: 46268 | B169: 46279 | C169: Publisher Sales | D169: Warhammer 40,000: Space Marine 2 - DLC 19 (Champion Pack 2) | E169: 7.99 | F169: =E169*(1-G169) -> 7.99 | G169: 0 | H169: July
A170: 46268 | B170: 46279 | C170: Publisher Sales | D170: Warhammer 40,000: Space Marine 2 - DLC 20 (Raptors cosmoetic pack) | E170: 4.99 | F170: =E170*(1-G170) -> 4.99 | G170: 0 | H170: July
A172: 46296 | B172: 46303 | C172: Autumn Sales | D172: Warhammer 40,000: Space Marine 2 | E172: 59.99 | F172: =E172*(1-G172) -> 17.997 | G172: 0.7
A173: 46296 | B173: 46303 | C173: Autumn Sales | D173: Warhammer 40,000: Space Marine 2 1 Year Anniversary | E173: 89.99 | F173: =E173*(1-G173) -> 26.997 | G173: 0.7
A174: 46296 | B174: 46303 | C174: Autumn Sales | D174: Warhammer 40,000: Space Marine 2 Ultra Edition | E174: 99.99 | F174: =E174*(1-G174) -> 49.995 | G174: 0.5
A175: 46296 | B175: 46303 | C175: Autumn Sales | D175: Warhammer 40,000: Space Marine 2 2 Year Anniversary | E175: 119.99 | F175: =E175*(1-G175) -> 53.9955 | G175: 0.55
A176: 46296 | B176: 46303 | C176: Autumn Sales | D176: Warhammer 40,000: Space Marine 2 - Season Pass | E176: 39.99 | F176: =E176*(1-G176) -> 27.993 | G176: 0.3
A177: 46296 | B177: 46303 | C177: Autumn Sales | D177: Warhammer 40,000: Space Marine 2 - Season Pass 2 | E177: 39.99 | F177: =E177*(1-G177) -> 29.9925 | G177: 0.25
A178: 46296 | B178: 46303 | C178: Autumn Sales | D178: Warhammer 40,000: Space Marine 2 - DLC 1,3 | E178: 4.99 | F178: =E178*(1-G178) -> 3.7425 | G178: 0.25
A179: 46296 | B179: 46303 | C179: Autumn Sales | D179: Warhammer 40,000: Space Marine 2 - OST | E179: 6.99 | F179: =E179*(1-G179) -> 5.2425 | G179: 0.25
A180: 46296 | B180: 46303 | C180: Autumn Sales | D180: Warhammer 40,000: Space Marine 2 - Artbook | E180: 7.99 | F180: =E180*(1-G180) -> 5.9925 | G180: 0.25
A181: 46296 | B181: 46303 | C181: Autumn Sales | D181: Warhammer 40,000: Space Marine 2 - DLC 4 (Dark Angels) | E181: 9.99 | F181: =E181*(1-G181) -> 7.4925 | G181: 0.25
A182: 46296 | B182: 46303 | C182: Autumn Sales | D182: Warhammer 40,000: Space Marine 2 - DLC 8 (Salamanders) | E182: 7.99 | F182: =E182*(1-G182) -> 5.9925 | G182: 0.25
A183: 46296 | B183: 46303 | C183: Autumn Sales | D183: Warhammer 40,000: Space Marine 2 - DLC 7 (Raven Guard) | E183: 4.99 | F183: =E183*(1-G183) -> 3.7425 | G183: 0.25
... A194: 46296 | B194: 46303 | C194: Autumn Sales | D194: Warhammer 40,000: Space Marine 2 - DLC 20 (Raptors cosmoetic pack) | E194: 4.99 | F194: =E194*(1-G194) -> 4.99 | G194: 0
A200: MICROSOFT
A201: 46030 | B201: 46043 | C201: Countdown Add-on Sale | D201: Warhammer 40,000: Space Marine 2 - Season Pass | E201: $39,99 | F201: $31,99 | G201: 0.2
A202: 46030 | B202: 46043 | C202: Countdown Add-on Sale | D202: Warhammer 40,000: Space Marine 2 - Ultramarines Cosmetic Pack | E202: $4,99 | F202: $3,99 | G202: 0.2
A203: 46030 | B203: 46043 | C203: Countdown Add-on Sale | D203: Warhammer 40,000: Space Marine 2 - Dark Angels Chapter Pack | E203: $9,99 | F203: $7,99 | G203: 0.2
A204: 46030 | B204: 46043 | C204: Countdown Add-on Sale | D204: Warhammer 40,000: Space Marine 2 - Raven Guard Cosmetic Pack | E204: $4,99 | F204: $3,99 | G204: 0.2
A205: 46030 | B205: 46043 | C205: Countdown Add-on Sale | D205: Warhammer 40,000: Space Marine 2 - Salamanders Champion Pack | E205: $7,99 | F205: $6,39 | G205: 0.2
A206: 46030 | B206: 46043 | C206: Countdown Add-on Sale | D206: Warhammer 40,000: Space Marine 2 - Imperial Fists Champion Pack | E206: $7,99 | F206: $6,39 | G206: 0.2
A207: 46030 | B207: 46043 | C207: Countdown Add-on Sale | D207: Warhammer 40,000: Space Marine 2 - Blood Angels Cosmetic Pack | E207: $4,99 | F207: $3,99 | G207: 0.2
A208: 46030 | B208: 46043 | C208: Countdown Add-on Sale | D208: Warhammer 40,000: Space Marine 2 - Space Wolves Chapter Pack | E208: $9,99 | F208: $7,99 | G208: 0.2
A209: 46030 | B209: 46043 | C209: Countdown Add-on Sale | D209: Warhammer 40,000: Space Marine 2 - White Scars Chapter Pack | E209: $9,99 | F209: $7,99 | G209: 0.2
A210: 46030 | B210: 46043 | C210: Countdown Add-on Sale | D210: Warhammer 40,000: Space Marine 2 Year 1 + Year 2 Pass | E210: $69,99 | F210: $59,49 | G210: 0.15
A211: 46030 | B211: 46036 | C211: Game Pass Last Chance Sale | D211: Warhammer 40,000: Space Marine 2 - 1 Year Anniversary Edition | E211: $99,99 | F211: $40,00 | G211: 0.6
A212: 46056 | B212: 46069 | C212: Publisher Dedicated Sale | D212: Warhammer 40,000 : Space Marine 2 | E212: $69,99 | F212: $28,00 | G212: 0.6
... A345: 46378 | B345: 46384 | C345: Opportunistic | D345: Warhammer 40,000: Space Marine 2 - Year 1 + Year 2 Pass | E345: $69,99 | F345: $52,49 | G345: 0.25
A347: SONY
A348: 46013 | B348: 46029 | C348: Holiday Sale - Part 1 | D348: Warhammer 40,000: Space Marine 2 - 2-Year Anniversary Edition | E348: 129.99 | F348: =E348*(1-G348) -> 77.994 | G348: 0.4
A349: 46013 | B349: 46029 | C349: Holiday Sale - Part 1 | D349: Warhammer 40,000: Space Marine 2 - DLCs | E349: - | F349: - | G349: 0.2
A350: 46013 | B350: 46029 | C350: Holiday Sale - Part 1 | D350: Warhammer 40,000: Space Marine 2 - Season Pass | E350: - | F350: - | G350: 0.25
A351: 46013 | B351: 46029 | C351: Holiday Sale - Part 1 | D351: Warhammer 40,000: Space Marine 2 | E351: 69.99 | F351: =E351*(1-G351) -> 27.996 | G351: 0.6
A352: 46027 | B352: 46043 | C352: Holiday Sale - Part 2 | D352: Warhammer 40,000: Space Marine 2 - 1-Year Anniversary Edition | E352: 99.99 | F352: =E352*(1-G352) -> 39.996 | G352: 0.6
A353: 46027 | B353: 46043 | C353: Holiday Sale - Part 2 | D353: Warhammer 40,000: Space Marine 2 - Year 1 + Year 2 Pass | E353: - | F353: - | G353: 0.15
A354: 46057 | B354: 46078 | C354: LNY/Critic's Choice | D354: Warhammer 40,000: Space Marine 2 - 2-Year Anniversary Edition | E354: 129.99 | F354: =E354*(1-G354) -> 77.994 | G354: 0.4
A355: 46057 | B355: 46078 | C355: LNY/Critic's Choice | D355: Warhammer 40,000: Space Marine 2 - DLCs | E355: - | F355: - | G355: 0.2
A356: 46057 | B356: 46078 | C356: LNY/Critic's Choice | D356: Warhammer 40,000: Space Marine 2 - Season Pass | E356: - | F356: - | G356: 0.25
A357: 46057 | B357: 46078 | C357: LNY/Critic's Choice | D357: Warhammer 40,000: Space Marine 2 | E357: 69.99 | F357: =E357*(1-G357) -> 27.996 | G357: 0.6
A358: 46078 | B358: 46092 | C358: Dealmania | D358: Warhammer 40,000: Space Marine 2 - 1-Year Anniversary Edition | E358: 99.99 | F358: =E358*(1-G358) -> 39.996 | G358: 0.6
A359: 46078 | B359: 46092 | C359: Dealmania | D359: Warhammer 40,000: Space Marine 2 - Year 1 + Year 2 Pass | E359: - | F359: - | G359: 0.15
A360: 46101 | B360: 46105 | C360: Spring Sale - PS+ EA | D360: Warhammer 40,000: Space Marine 2 - 2-Year Anniversary Edition | E360: 129.99 | F360: =E360*(1-G360) -> 77.994 | G360: 0.4
A361: 46101 | B361: 46105 | C361: Spring Sale - PS+ EA | D361: Warhammer 40,000: Space Marine 2 - Season Pass | E361: - | F361: - | G361: 0.25
A362: 46101 | B362: 46105 | C362: Spring Sale - PS+ EA | D362: Warhammer 40,000: Space Marine 2 - Season Pass 2 | E362: - | F362: - | G362: 0
A363: 46101 | B363: 46105 | C363: Spring Sale - PS+ EA | D363: Warhammer 40,000: Space Marine 2 | E363: 69.99 | F363: =E363*(1-G363) -> 27.996 | G363: 0.6
A364: 46106 | B364: 46120 | C364: Spring Sale - Part 1 | D364: Warhammer 40,000: Space Marine 2 - 2-Year Anniversary Edition | E364: 129.99 | F364: =E364*(1-G364) -> 77.994 | G364: 0.4
A365: 46106 | B365: 46120 | C365: Spring Sale - Part 1 | D365: Warhammer 40,000: Space Marine 2 - DLCs | E365: - | F365: - | G365: 0.2
A366: 46106 | B366: 46120 | C366: Spring Sale - Part 1 | D366: Warhammer 40,000: Space Marine 2 - Season Pass | E366: - | F366: - | G366: 0.25
A367: 46106 | B367: 46120 | C367: Spring Sale - Part 1 | D367: Warhammer 40,000: Space Marine 2 - Season Pass 2 | E367: - | F367: - | G367: TBC
A368: 46106 | B368: 46120 | C368: Spring Sale - Part 1 | D368: Warhammer 40,000: Space Marine 2 | E368: 69.99 | F368: =E368*(1-G368) -> 27.996 | G368: 0.6
A369: 46120 | B369: 46134 | C369: Spring Sale - Part 2 | D369: Warhammer 40,000: Space Marine 2 - 1-Year Anniversary Edition | E369: 99.99 | F369: =E369*(1-G369) -> 39.996 | G369: 0.6
A370: 46120 | B370: 46134 | C370: Spring Sale - Part 2 | D370: Warhammer 40,000: Space Marine 2 - Year 1 + Year 2 Pass | E370: - | F370: - | G370: 0.15
A371: 46163 | B371: 46168 | C371: Custom (Skulls) | D371: Warhammer 40,000: Space Marine 2 | E371: 69.99 | F371: =E371*(1-G371) -> 24.4965 | G371: 0.65
A372: 46163 | B372: 46168 | C372: Custom (Skulls) | D372: Warhammer 40,000: Space Marine 2 - 2-Year Anniversary Edition | E372: 129.99 | F372: =E372*(1-G372) -> 58.4955 | G372: 0.55
A373: 46163 | B373: 46168 | C373: Custom (Skulls) | D373: Warhammer 40,000: Space Marine 2 - DLCs | E373: - | F373: - | G373: 0.25
A374: 46163 | B374: 46168 | C374: Custom (Skulls) | D374: Warhammer 40,000: Space Marine 2 - Season Pass | E374: 39.99 | F374: =E374*(1-G374) -> 27.993 | G374: 0.3
A375: 46163 | B375: 46168 | C375: Custom (Skulls) | D375: Warhammer 40,000: Space Marine 2 - Season Pass 2 | E375: 39.99 | F375: =E375*(1-G375) -> 29.9925 | G375: 0.25
A376: 46169 | B376: 46183 | C376: Days of Play | D376: Warhammer 40,000: Space Marine 2 | E376: 69.99 | F376: =E376*(1-G376) -> 24.4965 | G376: 0.65
A377: 46169 | B377: 46183 | C377: Days of Play | D377: Warhammer 40,000: Space Marine 2 - 2-Year Anniversary Edition | E377: 129.99 | F377: =E377*(1-G377) -> 58.4955 | G377: 0.55
A378: 46169 | B378: 46183 | C378: Days of Play | D378: Warhammer 40,000: Space Marine 2 - DLCs | E378: - | F378: - | G378: 0.25
A379: 46169 | B379: 46183 | C379: Days of Play | D379: Warhammer 40,000: Space Marine 2 - Season Pass | E379: 39.99 | F379: =E379*(1-G379) -> 27.993 | G379: 0.3
A380: 46169 | B380: 46183 | C380: Days of Play | D380: Warhammer 40,000: Space Marine 2 - Season Pass 2 | E380: 39.99 | F380: =E380*(1-G380) -> 29.9925 | G380: 0.25
A381: 46190 | B381: 46204 | C381: Mid-Year Deals | D381: Warhammer 40,000: Space Marine 2 - 1-Year Anniversary Edition | E381: 99.99 | F381: =E381*(1-G381) -> 29.997 | G381: 0.7
A382: 46190 | B382: 46204 | C382: Mid-Year Deals | D382: Warhammer 40,000: Space Marine 2 - Year 1 + Year 2 Pass | E382: 69.99 | F382: =E382*(1-G382) -> 55.992 | G382: 0.2
...

Sheet RoadCraft 2026
A1: 2026
A2: Start Date | B2: End Date | C2: Program | D2: Content Name | E2: Current SRP ($USD) | F2: Promo SRP ($USD) | G2: Discount %
A3: STEAM
A4: 46030 | B4: 46044 | C4: Custom Sales | D4: Roadcraft | E4: 39.99 | F4: =E4*(1-G4) -> 27.993 | G4: 0.3
A5: 46030 | B5: 46044 | C5: Custom Sales | D5: RoadCraft – Rebuild Edition | E5: 49.99 | F5: =E5*(1-G5) -> 32.4935 | G5: 0.35
A6: 46030 | B6: 46044 | C6: Custom Sales | D6: RoadCraft – Rebuild Expansion | E6: 14.99 | F6: =E6*(1-G6) -> 14.99 | G6: 0
A8: 46074 | B8: 46088 | C8: Custom Sales | D8: Roadcraft | E8: 39.99 | F8: =E8*(1-G8) -> 25.9935 | G8: 0.35 | H8: tbc
A9: 46074 | B9: 46088 | C9: Custom Sales | D9: RoadCraft – Rebuild Edition | E9: 49.99 | F9: =E9*(1-G9) -> 29.994 | G9: 0.4 | H9: tbc
A10: 46074 | B10: 46088 | C10: Custom Sales | D10: RoadCraft – Rebuild Expansion | E10: 14.99 | F10: =E10*(1-G10) -> 14.99 | G10: 0 | H10: tbc
A12: 46100 | B12: 46107 | C12: Spring Sales | D12: Roadcraft | E12: 39.99 | F12: =E12*(1-G12) -> 25.9935 | G12: 0.35
A13: 46100 | B13: 46107 | C13: Spring Sales | D13: RoadCraft – Rebuild Edition | E13: 49.99 | F13: =E13*(1-G13) -> 29.994 | G13: 0.4
A14: 46100 | B14: 46107 | C14: Spring Sales | D14: RoadCraft – Rebuild Expansion | E14: 14.99 | F14: =E14*(1-G14) -> 11.992 | G14: 0.2
A16: 46118 | B16: 46132 | C16: Custom Sales | D16: Roadcraft | E16: 39.99 | F16: =E16*(1-G16) -> 25.9935 | G16: 0.35
A17: 46118 | B17: 46132 | C17: Custom Sales | D17: 1 Year Anniversary Edition | E17: 59.99 | F17: =E17*(1-G17) -> 59.99 | G17: 0
A18: 46118 | B18: 46132 | C18: Custom Sales | D18: Year 1 Pass | E18: 24.99 | F18: =E18*(1-G18) -> 24.99 | G18: 0
A19: 46118 | B19: 46132 | C19: Custom Sales | D19: RoadCraft – Rebuild Expansion | E19: 14.99 | F19: =E19*(1-G19) -> 14.99 | G19: 0
A20: 46118 | B20: 46132 | C20: Custom Sales | D20: RoadCraft – Reclaim Expansion | E20: 14.99 | F20: =E20*(1-G20) -> 14.99 | G20: 0
A22: 46162 | B22: 46176 | C22: Custom Sales | D22: Roadcraft | E22: 39.99 | F22: =E22*(1-G22) -> 23.994 | G22: 0.4
A23: 46162 | B23: 46176 | C23: Custom Sales | D23: 1 Year Anniversary Edition | E23: 59.99 | F23: =E23*(1-G23) -> 44.9925 | G23: 0.25
A24: 46162 | B24: 46176 | C24: Custom Sales | D24: Year 1 Pass | E24: 24.99 | F24: =E24*(1-G24) -> 24.99 | G24: 0
A25: 46162 | B25: 46176 | C25: Custom Sales | D25: RoadCraft – Rebuild Expansion | E25: 14.99 | F25: =E25*(1-G25) -> 11.992 | G25: 0.2
... A51: 46296 | B51: 46303 | C51: Autumn Sales | D51: RoadCraft – Reclaim Expansion | E51: 14.99 | F51: =E51*(1-G51) -> 14.99 | G51: 0
A56: MICROSOFT
A57: 46035 | B57: 46041 | C57: Deals with Game Pass | D57: RoadCraft – Rebuild Edition | E57: $49,99 | F57: $32,49 | G57: 0.35
A58: 46056 | B58: 46069 | C58: Publisher Dedicated Sale | D58: Roadcraft | E58: $39,99 | F58: $27,99 | G58: 0.3
A59: 46086 | B59: 46092 | C59: Best Rated Sale | D59: RoadCraft - Rebuild Edition | E59: $49,99 | F59: $29,99 | G59: 0.4
A60: 46107 | B60: 46113 | C60: Game Pass Spring Sale Review | D60: Roadcraft | E60: $39,99 | F60: $25,99 | G60: 0.35
A61: 46114 | B61: 46127 | C61: Spring Sale | D61: Roadcraft | E61: $39,99 | F61: $25,99 | G61: 0.35
A62: 46126 | B62: 46132 | C62: Deals With Game Pass Ultimate and Core | D62: RoadCraft - Rebuild Edition | E62: $49,99 | F62: $29,99 | G62: 0.4
A63: 46161 | B63: 46167 | C63: Deals With Game Pass Ultimate and Core | D63: RoadCraft – 1-Year Anniversary Edition | E63: 59.99 | F63: 44.99 | G63: 0.25
A64: 46170 | B64: 46183 | C64: Deals Unlocked Sale | D64: Roadcraft | E64: $39,99 | F64: $25,99 | G64: 0.4
A65: 46184 | B65: 46190 | C65: Deals Unlocked Add-on Sale | D65: RoadCraft – Aramatsu Bowhead 20T | E65: $3,99 | F65: $3,19 | G65: 0.2
A66: 46184 | B66: 46190 | C66: Deals Unlocked Add-on Sale | D66: RoadCraft – Reclaim Expansion | E66: $14,99 | F66: $11,99 | G66: 0.2
A67: 46212 | B67: 46219 | C67: Game Pass UGS Teaser Sale | D67: RoadCraft – 1-Year Anniversary Edition | E67: $59,99 | F67: $44,99 | G67: 0.25
A68: 46218 | B68: 46233 | C68: Ultimate Games Sale (UGS) | D68: RoadCraft – 1-Year Anniversary Edition | E68: $59,99 | F68: $44,99 | G68: 0.25
A69: 46231 | B69: 46237 | C69: Deals With Game Pass Ultimate and Core | D69: Roadcraft | E69: $39,99 | F69: $23,99 | G69: 0.4
A70: 46233 | B70: 46247 | C70: UGS Add-on Sale | D70: RoadCraft – Aramatsu Bowhead 20T | E70: $3,99 | F70: $3,19 | G70: 0.2
A71: 46233 | B71: 46247 | C71: UGS Add-on Sale | D71: RoadCraft – Reclaim Expansion | E71: $14,99 | F71: $11,99 | G71: 0.2
A72: 46275 | B72: 46289 | C72: Publisher Spotlight Series | D72: Roadcraft | E72: $39,99 | F72: $23,99 | G72: 0.4
A73: 46275 | B73: 46289 | C73: Publisher Spotlight Series | D73: RoadCraft – 1-Year Anniversary Edition | E73: $59,99 | F73: $44,99 | G73: 0.25
A74: 46322 | B74: 46328 | C74: Deals With Game Pass Ultimate and Core | D74: RoadCraft – 1-Year Anniversary Edition | E74: $59,99 | F74: $44,99 | G74: 0.25
A75: 46345 | B75: 46359 | C75: Black Friday Sale | D75: Roadcraft | E75: $39,99 | F75: $20,00 | G75: 0.5
... A79: 46372 | B79: 46029 | C79: Countdown Sale | D79: Roadcraft | E79: $39,99 | F79: $20,00 | G79: 0.5
A81: SONY
A82: 46013 | B82: 46029 | C82: Holiday-Jan Sale - Part 1 | D82: RoadCraft | E82: 39.99 | F82: =E82*(1-G82) -> 27.993 | G82: 0.3
A83: 46027 | B83: 46043 | C83: Holiday-Jan Sale - Part 2 | D83: RoadCraft - Rebuild Edition | E83: 49.99 | F83: =E83*(1-G83) -> 32.4935 | G83: 0.35
A84: 46057 | B84: 46078 | C84: LNY/Critic's Choice | D84: RoadCraft | E84: 39.99 | F84: =E84*(1-G84) -> 27.993 | G84: 0.3
A85: 46078 | B85: 46092 | C85: Dealmania | D85: RoadCraft - Rebuild Edition | E85: 49.99 | F85: =E85*(1-G85) -> 32.4935 | G85: 0.35
A86: 46101 | B86: 46105 | C86: Spring Sale - PS+ EA | D86: RoadCraft | E86: 39.99 | F86: =E86*(1-G86) -> 27.993 | G86: 0.3
A87: 46106 | B87: 46120 | C87: Spring Sale - Part 1 | D87: RoadCraft | E87: 39.99 | F87: =E87*(1-G87) -> 27.993 | G87: 0.3
A88: 46120 | B88: 46134 | C88: Spring Sale - Part 2 | D88: RoadCraft - Rebuild Edition | E88: 49.99 | F88: =E88*(1-G88) -> 32.4935 | G88: 0.35
A89: 46155 | B89: 46169 | C89: Next Level Savings | D89: RoadCraft | E89: 39.99 | F89: =E89*(1-G89) -> 27.993 | G89: 0.3
A90: 46155 | B90: 46169 | C90: Next Level Savings | D90: RoadCraft - Reclaim Expansion | E90: 14.99 | F90: =E90*(1-G90) -> 14.99 | G90: 0
A91: 46155 | B91: 46169 | C91: Next Level Savings | D91: RoadCraft - Rebuild Expansion | E91: 14.99 | F91: =E91*(1-G91) -> 11.992 | G91: 0.2
A92: 46169 | B92: 46183 | C92: Days of Play | D92: RoadCraft - 1-Year Anniversary Edition | E92: 59.99 | F92: =E92*(1-G92) -> 44.9925 | G92: 0.25
A93: 46169 | B93: 46183 | C93: Days of Play | D93: RoadCraft - Year 1 Pass | E93: 24.99 | F93: =E93*(1-G93) -> 24.99 | G93: 0
A94: 46213 | B94: 46232 | C94: Summer Sale Part 1 | D94: RoadCraft | E94: 39.99 | F94: =E94*(1-G94) -> 23.994 | G94: 0.4
A95: 46218 | B95: 46232 | C95: Summer Sale Part 1 | D95: RoadCraft - Rebuild Expansion | E95: 14.99 | F95: 11.992 | G95: 0.2
A96: 46230 | B96: 46246 | C96: Summer Sale Part 2 | D96: RoadCraft - 1-Year Anniversary Edition | E96: 59.99 | F96: 44.9925 | G96: 0.3
A97: 46230 | B97: 46246 | C97: Summer Sale Part 2 | D97: RoadCraft - Year 1 Pass | E97: 24.99 | F97: 24.99 | G97: 0.2
A98: 46260 | B98: 46274 | C98: Gamescom | D98: RoadCraft | E98: 39.99 | F98: =E98*(1-G98) -> 23.994 | G98: 0.4
A99: 46260 | B99: 46274 | C99: Gamescom | D99: RoadCraft - Rebuild Expansion | E99: 14.99 | F99: 11.992 | G99: 0.2
A100: 46274 | B100: 46288 | C100: Tokyo Game Show | D100: RoadCraft - 1-Year Anniversary Edition | E100: 59.99 | F100: 44.9925 | G100: 0.3
A101: 46274 | B101: 46288 | C101: Tokyo Game Show | D101: RoadCraft - Year 1 Pass | E101: 24.99 | F101: 24.99 | G101: 0.2
A102: TBC | B102: TBC | C102: TBC | D102: RoadCraft | E102: 39.99 | F102: =E102*(1-G102) -> 23.994 | G102: 0.4
A103: TBC | B103: TBC | C103: TBC | D103: RoadCraft - Rebuild Expansion | E103: 14.99 | F103: 11.992 | G103: 0.2

Sheet Toxic Commando 2026
A1: 2026
A2: Start Date | B2: End Date | C2: Program | D2: Content Name | E2: Current SRP ($USD) | F2: Promo SRP ($USD) | G2: Discount %
A3: STEAM
A6: 46143 | B6: 46150 | C6: Custom Sales | D6: Base Game | E6: 39.99 | F6: =E6*(1-G6) -> 31.992 | G6: 0.2
A7: 46143 | B7: 46150 | C7: Custom Sales | D7: Blood Edition | E7: 49.99 | F7: =E7*(1-G7) -> 37.4925 | G7: 0.25
A8: 46143 | B8: 46150 | C8: Custom Sales | D8: Bloody Pass | E8: 12.99 | F8: =E8*(1-G8) -> 12.99 | G8: 0
A9: 46143 | B9: 46150 | C9: Custom Sales | D9: DLCs | E9: 14.99 | F9: =E9*(1-G9) -> 11.992 | G9: 0.2
A11: 46181 | B11: 46188 | C11: Custom Sales | D11: Base Game | E11: 39.99 | F11: =E11*(1-G11) -> 31.992 | G11: 0.2
A12: 46181 | B12: 46188 | C12: Custom Sales | D12: Blood Edition | E12: 49.99 | F12: =E12*(1-G12) -> 37.4925 | G12: 0.25
A13: 46181 | B13: 46188 | C13: Custom Sales | D13: Bloody Pass | E13: 12.99 | F13: =E13*(1-G13) -> 12.99 | G13: 0
A14: 46181 | B14: 46188 | C14: Custom Sales | D14: DLCs | E14: 14.99 | F14: =E14*(1-G14) -> 11.992 | G14: 0.2
A16: 46198 | B16: 46212 | C16: Summer Sales | D16: Base Game | E16: 39.99 | F16: =E16*(1-G16) -> 29.9925 | G16: 0.25
A17: 46198 | B17: 46212 | C17: Summer Sales | D17: Blood Edition | E17: 49.99 | F17: =E17*(1-G17) -> 34.993 | G17: 0.3
A18: 46198 | B18: 46212 | C18: Summer Sales | D18: Bloody Pass | E18: 12.99 | F18: =E18*(1-G18) -> 12.99 | G18: 0
A19: 46198 | B19: 46212 | C19: Summer Sales | D19: DLCs | E19: 14.99 | F19: =E19*(1-G19) -> 11.992 | G19: 0.2
... A34: 46296 | B34: 46303 | C34: Autumn Sales | D34: DLCs | E34: 14.99 | F34: =E34*(1-G34) -> 11.992 | G34: 0.2
A36: MICROSOFT
A37: 46143 | B37: 46150 | C37: Custom Sales | D37: Base Game | E37: 39.99 | F37: =E37*(1-G37) -> 31.992 | G37: 0.2
A38: 46143 | B38: 46150 | C38: Custom Sales | D38: Blood Edition | E38: 49.99 | F38: =E38*(1-G38) -> 37.4925 | G38: 0.25
A39: 46143 | B39: 46150 | C39: Custom Sales | D39: Bloody Pass | E39: 12.99 | F39: =E39*(1-G39) -> 12.99 | G39: 0
A40: 46143 | B40: 46150 | C40: Custom Sales | D40: DLCs | E40: 14.99 | F40: =E40*(1-G40) -> 11.992 | G40: 0.2
A41: 46212 | B41: 46219 | C41: Game Pass UGS Teaser Sale | D41: John Carpenter's Toxic Commando | E41: $39,99 | F41: $29,99 | G41: 0.25
A42: 46218 | B42: 46233 | C42: Ultimate Games Sale (UGS) | D42: John Carpenter's Toxic Commando | E42: $39,99 | F42: $29,99 | G42: 0.25
A43: 46238 | B43: 46244 | C43: Deals With Game Pass Ultimate and Core | D43: John Carpenter's Toxic Commando - Blood Edition | E43: $49,99 | F43: $34,99 | G43: 0.3
A44: 46275 | B44: 46289 | C44: Publisher Spotlight Series | D44: John Carpenter's Toxic Commando | E44: $39,99 | F44: $29,99 | G44: 0.25
A45: 46275 | B45: 46289 | C45: Publisher Spotlight Series | D45: John Carpenter's Toxic Commando - Blood Edition | E45: $49,99 | F45: $34,99 | G45: 0.3
A46: 46317 | B46: 46331 | C46: Shocktober Sale | D46: John Carpenter's Toxic Commando - Blood Edition | E46: $49,99 | F46: $34,99 | G46: 0.3
A47: 46345 | B47: 46359 | C47: Black Friday Sale | D47: John Carpenter's Toxic Commando | E47: $39,99 | F47: $29,99 | G47: 0.25
A48: 46364 | B48: 46370 | C48: Deals With Game Pass Ultimate and Core | D48: John Carpenter's Toxic Commando - Blood Edition | E48: $49,99 | F48: $34,99 | G48: 0.3
A49: 46372 | B49: 46029 | C49: Countdown Sale | D49: John Carpenter's Toxic Commando | E49: $39,99 | F49: $29,99 | G49: 0.25
A52: SONY
A53: 46143 | B53: 46150 | C53: Custom Sales | D53: Base Game | E53: 39.99 | F53: =E53*(1-G53) -> 31.992 | G53: 0.2
A54: 46143 | B54: 46150 | C54: Custom Sales | D54: Blood Edition | E54: 49.99 | F54: =E54*(1-G54) -> 37.4925 | G54: 0.25
A55: 46143 | B55: 46150 | C55: Custom Sales | D55: Bloody Pass | E55: 12.99 | F55: =E55*(1-G55) -> 12.99 | G55: 0
A56: 46143 | B56: 46150 | C56: Custom Sales | D56: DLCs | E56: 14.99 | F56: =E56*(1-G56) -> 11.992 | G56: 0.2
A57: 46213 | B57: 46232 | C57: Summer Sale Part 1 | D57: Base Game | E57: 39.99 | F57: =E57*(1-G57) -> 29.9925 | G57: 0.25
A58: 46230 | B58: 46246 | C58: Summer Sale Part 2 | D58: Blood Edition | E58: 49.99 | F58: =E58*(1-G58) -> 34.993 | G58: 0.3
A59: 46260 | B59: 46274 | C59: Gamescom | D59: Base Game | E59: 39.99 | F59: =E59*(1-G59) -> 29.9925 | G59: 0.25
A60: 46274 | B60: 46288 | C60: Tokyo Game Show | D60: Blood Edition | E60: 49.99 | F60: =E60*(1-G60) -> 34.993 | G60: 0.3
A61: TBC | B61: TBC | C61: TBC | D61: Base Game | E61: 39.99 | F61: =E61*(1-G61) -> 29.9925 | G61: 0.25

Sheet Snow 2026
A1: 2026
A2: Start Date | B2: End Date | C2: Program | D2: Content Name | E2: Current SRP ($USD) | F2: Promo SRP ($USD) | G2: Discount % | H2: Release
A3: STEAM
A4: 46044 | B4: 46058 | C4: Custom Sales | D4: SnowRunner | E4: 29.99 | F4: =E4*(1-G4) -> 11.996 | G4: 0.6
A5: 46044 | B5: 46058 | C5: Custom Sales | D5: SnowRunner - 1 year anniversary | E5: 39.99 | F5: =E5*(1-G5) -> 15.996 | G5: 0.6
A6: 46044 | B6: 46058 | C6: Custom Sales | D6: SnowRunner - 2 year anniversary | E6: 64.77 | F6: =E6*(1-G6) -> 34.9758 | G6: 0.46
A7: 46044 | B7: 46058 | C7: Custom Sales | D7: SnowRunner - 3 year anniversary | E7: 84.99 | F7: =E7*(1-G7) -> 50.994 | G7: 0.4
A8: 46044 | B8: 46058 | C8: Custom Sales | D8: SnowRunner - 4 year anniversary | E8: 104.99 | F8: =E8*(1-G8) -> 75.5928 | G8: 0.28
A9: 46044 | B9: 46058 | C9: Custom Sales | D9: SnowRunner - 5 year anniversary | E9: 123.95 | F9: =E9*(1-G9) -> 99.16 | G9: 0.2
A10: 46044 | B10: 46058 | C10: Custom Sales | D10: Snowrunner all seasons except before 12 | E10: 6.99 | F10: =E10*(1-G10) -> 4.5435 | G10: 0.35
A11: 46044 | B11: 46058 | C11: Custom Sales | D11: Season 12 | E11: 11.99 | F11: =E11*(1-G11) -> 7.7935 | G11: 0.35
A12: 46044 | B12: 46058 | C12: Custom Sales | D12: Season 13 | E12: 6.99 | F12: =E12*(1-G12) -> 4.5435 | G12: 0.35
A13: 46044 | B13: 46058 | C13: Custom Sales | D13: Season 14 | E13: 6.99 | F13: =E13*(1-G13) -> 4.893 | G13: 0.3
A14: 46044 | B14: 46058 | C14: Custom Sales | D14: Season 15 | E14: 6.99 | F14: =E14*(1-G14) -> 5.2425 | G14: 0.25
A15: 46044 | B15: 46058 | C15: Custom Sales | D15: Season 16 | E15: 6.99 | F15: =E15*(1-G15) -> 5.592 | G15: 0.2
... A21: 46044 | B21: 46058 | C21: Custom Sales | D21: SnowRunner Year 5 Pass | E21: 24.99 | F21: =E21*(1-G21) -> 24.99 | G21: 0
A23: 46088 | B23: 46100 | C23: Custom Sales | D23: SnowRunner | E23: 29.99 | F23: =E23*(1-G23) -> 11.996 | G23: 0.6 | H23: TBC
A24: 46088 | B24: 46100 | C24: Custom Sales | D24: SnowRunner - 1 year anniversary | E24: 39.99 | F24: =E24*(1-G24) -> 15.996 | G24: 0.6 | H24: TBC
A25: 46088 | B25: 46100 | C25: Custom Sales | D25: SnowRunner - 2 year anniversary | E25: 64.77 | F25: =E25*(1-G25) -> 34.9758 | G25: 0.46 | H25: TBC
A26: 46088 | B26: 46100 | C26: Custom Sales | D26: SnowRunner - 3 year anniversary | E26: 84.99 | F26: =E26*(1-G26) -> 50.994 | G26: 0.4 | H26: TBC
A27: 46088 | B27: 46100 | C27: Custom Sales | D27: SnowRunner - 4 year anniversary | E27: 104.99 | F27: =E27*(1-G27) -> 75.5928 | G27: 0.28 | H27: TBC
A28: 46088 | B28: 46100 | C28: Custom Sales | D28: SnowRunner - 5 year anniversary | E28: 123.95 | F28: =E28*(1-G28) -> 99.16 | G28: 0.2 | H28: TBC
A29: 46088 | B29: 46100 | C29: Custom Sales | D29: Snowrunner all seasons except before 12 | E29: 6.99 | F29: =E29*(1-G29) -> 4.5435 | G29: 0.35
A30: 46088 | B30: 46100 | C30: Custom Sales | D30: Season 12 | E30: 11.99 | F30: =E30*(1-G30) -> 7.7935 | G30: 0.35
A31: 46088 | B31: 46100 | C31: Custom Sales | D31: Season 13 | E31: 6.99 | F31: =E31*(1-G31) -> 4.5435 | G31: 0.35
A32: 46088 | B32: 46100 | C32: Custom Sales | D32: Season 14 | E32: 6.99 | F32: =E32*(1-G32) -> 4.893 | G32: 0.3
A33: 46088 | B33: 46100 | C33: Custom Sales | D33: Season 15 | E33: 6.99 | F33: =E33*(1-G33) -> 5.2425 | G33: 0.25
A34: 46088 | B34: 46100 | C34: Custom Sales | D34: Season 16 | E34: 6.99 | F34: =E34*(1-G34) -> 5.592 | G34: 0.2
A35: 46088 | B35: 46100 | C35: Custom Sales | D35: Snowrunner all Vehicules | E35: 3.99 | F35: =E35*(1-G35) -> 3.192 | G35: 0.2
A36: 46088 | B36: 46100 | C36: Custom Sales | D36: SnowRunner Year 1 Pass | E36: 24.99 | F36: =E36*(1-G36) -> 17.493 | G36: 0.3
A37: 46088 | B37: 46100 | C37: Custom Sales | D37: SnowRunner Year 2 Pass | E37: 24.99 | F37: =E37*(1-G37) -> 17.493 | G37: 0.3
A38: 46088 | B38: 46100 | C38: Custom Sales | D38: SnowRunner Year 3 Pass | E38: 24.99 | F38: =E38*(1-G38) -> 18.7425 | G38: 0.25
A39: 46088 | B39: 46100 | C39: Custom Sales | D39: SnowRunner Year 4 Pass | E39: 24.99 | F39: =E39*(1-G39) -> 19.992 | G39: 0.2
A40: 46088 | B40: 46100 | C40: Custom Sales | D40: SnowRunner Year 5 Pass | E40: 24.99 | F40: =E40*(1-G40) -> 24.99 | G40: 0
... A157: 46296 | B157: 46303 | C157: Autumn Sales | D157: SnowRunner Year 5 Pass | E157: 24.99 | F157: =E157*(1-G157) -> 19.992 | G157: 0.2
A160: MICROSOFT
A161: 46030 | B161: 46043 | C161: Countdown Add-on Sale | D161: SnowRunner - Season 1: Search & Recover | E161: $6,99 | F161: $4,54 | G161: 0.35
A162: 46030 | B162: 46043 | C162: Countdown Add-on Sale | D162: SnowRunner - Season 2: Explore & Expand | E162: $6,99 | F162: $4,54 | G162: 0.35
A163: 46030 | B163: 46043 | C163: Countdown Add-on Sale | D163: SnowRunner - Season 3: Locate & Deliver | E163: $6,99 | F163: $4,54 | G163: 0.35
A164: 46030 | B164: 46043 | C164: Countdown Add-on Sale | D164: SnowRunner - Season 4: New Frontiers | E164: $11,99 | F164: $7,79 | G164: 0.35
A165: 46030 | B165: 46043 | C165: Countdown Add-on Sale | D165: SnowRunner - Season 5: Build & Dispatch | E165: $6,99 | F165: $4,54 | G165: 0.35
A166: 46030 | B166: 46043 | C166: Countdown Add-on Sale | D166: SnowRunner - Season 6 : Haul & Hustle | E166: $6,99 | F166: $4,54 | G166: 0.35
A167: 46030 | B167: 46043 | C167: Countdown Add-on Sale | D167: SnowRunner - Season 7 : Compete and Conquer | E167: $6,99 | F167: $4,54 | G167: 0.35
A168: 46030 | B168: 46043 | C168: Countdown Add-on Sale | D168: SnowRunner - Season 8 : Grand Harvest | E168: $6,99 | F168: $4,54 | G168: 0.35
A169: 46030 | B169: 46043 | C169: Countdown Add-on Sale | D169: SnowRunner - Season 9 : Renew & Rebuild | E169: $6,99 | F169: $4,54 | G169: 0.35
A170: 46030 | B170: 46043 | C170: Countdown Add-on Sale | D170: SnowRunner - Season 10 : Fix & Connect | E170: $6,99 | F170: $4,54 | G170: 0.35
A171: 46030 | B171: 46043 | C171: Countdown Add-on Sale | D171: SnowRunner - Season 11: Lights & Cameras | E171: $6,99 | F171: $4,54 | G171: 0.35
A172: 46030 | B172: 46043 | C172: Countdown Add-on Sale | D172: SnowRunner - Season 12: Public Energy | E172: $11,99 | F172: $8,39 | G172: 0.3
... A388: 46175 | B388: 46181 | C388: Opportunistic | D388: SnowRunner – Season 16: High Voltage | E388: $11,99 | F388: $9,59 | G388: 0.2
A389: 46182 | B389: 46188 | C389: Opportunistic | D389: SnowRunner - Year 1 Pass | E389: $24,99 | F389: 16.74 | G389: 0.33
A390: 46182 | B390: 46188 | C390: Opportunistic | D390: SnowRunner - Year 2 Pass | E390: $24,99 | F390: 16.74 | G390: 0.33
A391: 46182 | B391: 46188 | C391: Opportunistic | D391: SnowRunner - Year 3 Pass | E391: $24,99 | F391: 16.74 | G391: 0.33
A392: 46182 | B392: 46188 | C392: Opportunistic | D392: SnowRunner - Year 4 Pass | E392: $24,99 | F392: $17,49 | G392: 0.3
A393: 46184 | B393: 46190 | C393: Deals Unlocked Add-on Sale | D393: SnowRunner - Jack of all Treads Tire Pack | E393: $2,99 | F393: $2,39 | G393: 0.2
A394: 46184 | B394: 46190 | C394: Deals Unlocked Add-on Sale | D394: SnowRunner - Freightliner & Western Star Dual Pack | E394: $5,99 | F394: $4,79 | G394: 0.2
A395: 46184 | B395: 46190 | C395: Deals Unlocked Add-on Sale | D395: SnowRunner - The Mastodon | E395: $3,99 | F395: $3,19 | G395: 0.2
A396: 46184 | B396: 46190 | C396: Deals Unlocked Add-on Sale | D396: SnowRunner - Kenworth Dual Pack | E396: $5,99 | F396: $4,79 | G396: 0.2
A397: 46184 | B397: 46190 | C397: Deals Unlocked Add-on Sale | D397: SnowRunner - Jeep Dual Pack | E397: $5,99 | F397: $4,79 | G397: 0.2
A398: 46184 | B398: 46190 | C398: Deals Unlocked Add-on Sale | D398: SnowRunner - Clasico Pack | E398: $3,99 | F398: $3,19 | G398: 0.2
A399: 46184 | B399: 46190 | C399: Deals Unlocked Add-on Sale | D399: SnowRunner - Mack Dual Pack | E399: $5,99 | F399: $4,79 | G399: 0.2
A400: 46184 | B400: 46190 | C400: Deals Unlocked Add-on Sale | D400: SnowRunner - Kenworth W990 | E400: $3,99 | F400: $3,19 | G400: 0.2
A401: 46184 | B401: 46190 | C401: Deals Unlocked Add-on Sale | D401: SnowRunner - Western Star Wolf Pack | E401: $5,99 | F401: $4,79 | G401: 0.2
A402: 46184 | B402: 46190 | C402: Deals Unlocked Add-on Sale | D402: SnowRunner - Navistar 5000 MV Tractor | E402: $1,99 | F402: $1,59 | G402: 0.2
A403: 46184 | B403: 46190 | C403: Deals Unlocked Add-on Sale | D403: SnowRunner - High Roller Pack | E403: $3,99 | F403: $3,19 | G403: 0.2
... A788: 46385 | B788: 46026 | C788: Opportunistic | D788: SnowRunner - Year 1 Pass + Year 2 Pass + Year 3 Pass + Year 4 Pass + Year 5 Pass | E788: $99,99 | F788: $79,99 | G788: 0.2
A790: SONY
A791: 46013 | B791: 46029 | C791: Holiday Sale - Part 1 | D791: SnowRunner - Year 1 Pass + Year 2 Pass + Year 3 Pass + Year 4 Pass | E791: - | F791: =IFERROR(E791*(1-G791),"-") -> - | G791: 0.25
A792: 46013 | B792: 46029 | C792: Holiday Sale - Part 1 | D792: SnowRunner - Year 1 Pass + Year 2 Pass + Year 3 Pass | E792: - | F792: =IFERROR(E792*(1-G792),"-") -> - | G792: 0.33
A793: 46013 | B793: 46029 | C793: Holiday Sale - Part 1 | D793: SnowRunner - Year 1 Pass + Year 2 Pass | E793: - | F793: =IFERROR(E793*(1-G793),"-") -> - | G793: 0.33
A794: 46013 | B794: 46029 | C794: Holiday Sale - Part 1 | D794: SnowRunner | E794: 29.99 | F794: =IFERROR(E794*(1-G794),"-") -> 11.996 | G794: 0.6
A795: 46027 | B795: 46043 | C795: Holiday Sale - Part 2 | D795: SnowRunner - 5-Year Anniversary Edition | E795: 129.99 | F795: =IFERROR(E795*(1-G795),"-") -> 77.994 | G795: 0.4
A796: 46027 | B796: 46043 | C796: Holiday Sale - Part 2 | D796: SnowRunner - Burning Bright Vinyl Wrap Pack | E796: - | F796: =IFERROR(E796*(1-G796),"-") -> - | G796: 0.35
A797: 46027 | B797: 46043 | C797: Holiday Sale - Part 2 | D797: SnowRunner - Clasico Pack | E797: - | F797: =IFERROR(E797*(1-G797),"-") -> - | G797: 0.35
A798: 46027 | B798: 46043 | C798: Holiday Sale - Part 2 | D798: SnowRunner - Crocodile Pack | E798: - | F798: =IFERROR(E798*(1-G798),"-") -> - | G798: 0.35
A799: 46027 | B799: 46043 | C799: Holiday Sale - Part 2 | D799: SnowRunner - GMC Brigadier | E799: - | F799: =IFERROR(E799*(1-G799),"-") -> - | G799: 0.35
A800: 46027 | B800: 46043 | C800: Holiday Sale - Part 2 | D800: SnowRunner - High Roller Pack | E800: - | F800: =IFERROR(E800*(1-G800),"-") -> - | G800: 0.35
A801: 46027 | B801: 46043 | C801: Holiday Sale - Part 2 | D801: SnowRunner - Jack of All Treads Tire Pack | E801: - | F801: =IFERROR(E801*(1-G801),"-") -> - | G801: 0.35
A802: 46027 | B802: 46043 | C802: Holiday Sale - Part 2 | D802: SnowRunner - Jeep Dual Pack | E802: - | F802: =IFERROR(E802*(1-G802),"-") -> - | G802: 0.35
A803: 46027 | B803: 46043 | C803: Holiday Sale - Part 2 | D803: SnowRunner - Kenworth W990 | E803: - | F803: =IFERROR(E803*(1-G803),"-") -> - | G803: 0.35
A804: 46027 | B804: 46043 | C804: Holiday Sale - Part 2 | D804: SnowRunner - Land Rover Dual Pack | E804: - | F804: =IFERROR(E804*(1-G804),"-") -> - | G804: 0.35
A805: 46027 | B805: 46043 | C805: Holiday Sale - Part 2 | D805: SnowRunner - Loaded Dice Vinyl Wrap | E805: - | F805: =IFERROR(E805*(1-G805),"-") -> - | G805: 0.35
A806: 46027 | B806: 46043 | C806: Holiday Sale - Part 2 | D806: SnowRunner - Navistar 5000-MV Tractor | E806: - | F806: =IFERROR(E806*(1-G806),"-") -> - | G806: 0.35
A807: 46027 | B807: 46043 | C807: Holiday Sale - Part 2 | D807: SnowRunner - Rezvani Hercules | E807: - | F807: =IFERROR(E807*(1-G807),"-") -> - | G807: 0.35
... A831: 46027 | B831: 46043 | C831: Holiday Sale - Part 2 | D831: SnowRunner - Western Star Wolf Pack | E831: - | F831: =IFERROR(E831*(1-G831),"-") -> - | G831: 0.35
A832: 46027 | B832: 46043 | C832: Holiday Sale - Part 2 | D832: SnowRunner - Year 1 Pass | E832: 24.99 | F832: =IFERROR(E832*(1-G832),"-") -> 16.7433 | G832: 0.33
A833: 46027 | B833: 46043 | C833: Holiday Sale - Part 2 | D833: SnowRunner - Year 2 Pass | E833: 24.99 | F833: =IFERROR(E833*(1-G833),"-") -> 16.7433 | G833: 0.33
A834: 46027 | B834: 46043 | C834: Holiday Sale - Part 2 | D834: SnowRunner - Year 3 Pass | E834: 24.99 | F834: =IFERROR(E834*(1-G834),"-") -> 16.7433 | G834: 0.33
A835: 46027 | B835: 46043 | C835: Holiday Sale - Part 2 | D835: SnowRunner - Year 4 Pass | E835: 24.99 | F835: =IFERROR(E835*(1-G835),"-") -> 16.7433 | G835: 0.33
A836: 46057 | B836: 46078 | C836: LNY/Critic's Choice | D836: SnowRunner | E836: 29.99 | F836: =IFERROR(E836*(1-G836),"-") -> 11.996 | G836: 0.6
D837: SnowRunner - Year 1 Pass + Year 2 Pass + Year 3 Pass + Year 4 Pass | E837: 79.99 | F837: =IFERROR(E837*(1-G837),"-") -> 59.9925 | G837: 0.25
D838: SnowRunner - Year 1 to 5 Pass | E838: 99.99 | F838: =IFERROR(E838*(1-G838),"-") -> 79.992 | G838: 0.2
A839: 46078 | B839: 46092 | C839: Dealmania | D839: SnowRunner - 1-Year Anniversary Edition | E839: 39.99 | F839: =IFERROR(E839*(1-G839),"-") -> 15.996 | G839: 0.6
D840: SnowRunner - 5-Year Anniversary Edition | E840: 129.99 | F840: =IFERROR(E840*(1-G840),"-") -> 77.994 | G840: 0.4
D841: SnowRunner - Burning Bright Vinyl Wrap Pack | E841: - | F841: =IFERROR(E841*(1-G841),"-") -> - | G841: 0.35
D842: SnowRunner - Clasico Pack | E842: - | F842: =IFERROR(E842*(1-G842),"-") -> - | G842: 0.35
D843: SnowRunner - Crocodile Pack | E843: - | F843: =IFERROR(E843*(1-G843),"-") -> - | G843: 0.35
D844: SnowRunner - Freightliner & Western Star Dual Pack | E844: - | F844: =IFERROR(E844*(1-G844),"-") -> - | G844: x
D845: SnowRunner - GMC Brigadier | E845: - | F845: =IFERROR(E845*(1-G845),"-") -> - | G845: 0.35
D846: SnowRunner - High Roller Pack | E846: - | F846: =IFERROR(E846*(1-G846),"-") -> - | G846: 0.35
D847: SnowRunner - Jack of All Treads Tire Pack | E847: - | F847: =IFERROR(E847*(1-G847),"-") -> - | G847: 0.35
...

Sheet Expe 2026
A1: 2026
A2: Start Date | B2: End Date | C2: Program | D2: Content Name | E2: Current SRP ($USD) | F2: Promo SRP ($USD) | G2: Discount %
A3: STEAM
A4: 46030 | B4: 46044 | C4: Custom Sales | D4: Expeditions Base Game | E4: 39.99 | F4: =E4*(1-G4) -> 17.9955 | G4: 0.55
A5: 46030 | B5: 46044 | C5: Custom Sales | D5: Expeditions Year 1 Edition | E5: 59.99 | F5: =E5*(1-G5) -> 26.9955 | G5: 0.55
A6: 46030 | B6: 46044 | C6: Custom Sales | D6: Expeditions Supreme Edition | E6: 69.99 | F6: =E6*(1-G6) -> 31.4955 | G6: 0.55
A7: 46030 | B7: 46044 | C7: Custom Sales | D7: Expeditions Year 1 pass | E7: 29.99 | F7: =E7*(1-G7) -> 22.4925 | G7: 0.25
A8: 46030 | B8: 46044 | C8: Custom Sales | D8: Expeditions Pioneer pack | E8: 11.99 | F8: =E8*(1-G8) -> 8.9925 | G8: 0.25
A9: 46030 | B9: 46044 | C9: Custom Sales | D9: Expeditions the Great Don 71 | E9: 2.99 | F9: =E9*(1-G9) -> 2.392 | G9: 0.2
A10: 46030 | B10: 46044 | C10: Custom Sales | D10: Expeditions cotto canyon | E10: 2.99 | F10: =E10*(1-G10) -> 2.392 | G10: 0.2
A11: 46030 | B11: 46044 | C11: Custom Sales | D11: Saison 1 | E11: 6.99 | F11: =E11*(1-G11) -> 5.2425 | G11: 0.25
A12: 46030 | B12: 46044 | C12: Custom Sales | D12: Saison 2 | E12: 6.99 | F12: =E12*(1-G12) -> 5.592 | G12: 0.2
A13: 46030 | B13: 46044 | C13: Custom Sales | D13: Saison 3 | E13: 6.99 | F13: =E13*(1-G13) -> 5.592 | G13: 0.2
A14: 46030 | B14: 46044 | C14: Custom Sales | D14: Saison 4 | E14: 6.99 | F14: =E14*(1-G14) -> 6.99 | G14: 0
A16: 46074 | B16: 46088 | C16: Custom Sales | D16: Expeditions Base Game | E16: 39.99 | F16: =E16*(1-G16) -> 17.9955 | G16: 0.55
... A110: 46296 | B110: 46303 | C110: Autumn Sales | D110: Saison 4 | E110: 6.99 | F110: =E110*(1-G110) -> 5.592 | G110: 0.2
A115: MICROSOFT
A116: 46030 | B116: 46043 | C116: Countdown Add-on Sale | D116: Expeditions: A MudRunner game - Season 1: Cave Odyssey | E116: $6,99 | F116: $5,24 | G116: 0.25
A117: 46030 | B117: 46043 | C117: Countdown Add-on Sale | D117: Expeditions: A MudRunner Game - Season 2: White Dawn | E117: $7,99 | F117: $5,99 | G117: 0.25
A118: 46030 | B118: 46043 | C118: Countdown Add-on Sale | D118: Expeditions: A MudRunner Game - Season 3: Icy Shores | E118: $7,99 | F118: $6,39 | G118: 0.2
A119: 46030 | B119: 46043 | C119: Countdown Add-on Sale | D119: Expeditions: A MudRunner game - Season 1: Cave Odyssey | E119: $6,99 | F119: $5,24 | G119: 0.25
A120: 46030 | B120: 46043 | C120: Countdown Add-on Sale | D120: Expeditions: A MudRunner Game - Season 2: White Dawn | E120: $7,99 | F120: $5,99 | G120: 0.25
A121: 46030 | B121: 46043 | C121: Countdown Add-on Sale | D121: Expeditions: A MudRunner Game - Season 3: Icy Shores | E121: $7,99 | F121: $6,39 | G121: 0.2
A122: 46035 | B122: 46041 | C122: Deals with Game Pass | D122: Expeditions: A MudRunner Game - Supreme Edition | E122: $79,99 | F122: $40,00 | G122: 0.5
A123: 46035 | B123: 46041 | C123: Deals with Game Pass | D123: Expeditions: A MudRunner Game - Supreme Edition | E123: $69,99 | F123: $35,00 | G123: 0.5
A124: 46056 | B124: 46069 | C124: Publisher Dedicated Sale | D124: Expeditions: A MudRunner Game | E124: $49,99 | F124: $20,00 | G124: 0.6
A125: 46056 | B125: 46069 | C125: Publisher Dedicated Sale | D125: Expeditions: A MudRunner Game | E125: $39,99 | F125: $16,00 | G125: 0.6
A126: 46077 | B126: 46083 | C126: Opportunistic | D126: Expeditions: A MudRunner game - Season 1: Cave Odyssey | E126: $6,99 | F126: $5,24 | G126: 0.25
A127: 46077 | B127: 46083 | C127: Opportunistic | D127: Expeditions: A MudRunner Game - Season 2: White Dawn | E127: $7,99 | F127: $5,99 | G127: 0.25
... A151: 46184 | B151: 46190 | C151: Deals Unlocked Add-on Sale | D151: Expeditions: A MudRunner Game - Season 2: White Dawn | E151: $7,99 | F151: $5,99 | G151: 0.25
A152: 46184 | B152: 46190 | C152: Deals Unlocked Add-on Sale | D152: Expeditions: A MudRunner Game - Season 3: Icy Shores | E152: $7,99 | F152: 5.99 | G152: 0.25
A153: 46184 | B153: 46190 | C153: Deals Unlocked Add-on Sale | D153: Expeditions: A MudRunner game - Season 1: Cave Odyssey | E153: $6,99 | F153: $5,24 | G153: 0.25
A154: 46184 | B154: 46190 | C154: Deals Unlocked Add-on Sale | D154: Expeditions: A MudRunner Game - Season 2: White Dawn | E154: $7,99 | F154: $5,99 | G154: 0.25
A155: 46184 | B155: 46190 | C155: Deals Unlocked Add-on Sale | D155: Expeditions: A MudRunner Game - Season 3: Icy Shores | E155: $7,99 | F155: 5.99 | G155: 0.25
A156: 46191 | B156: 46204 | C156: Simulator Sale | D156: Expeditions: A MudRunner Game - Supreme Edition | E156: $79,99 | F156: $32,00 | G156: 0.6
A157: 46191 | B157: 46204 | C157: Simulator Sale | D157: Expeditions: A MudRunner Game - Supreme Edition | E157: $69,99 | F157: $28,00 | G157: 0.6
A158: 46210 | B158: 46216 | C158: Deals With Game Pass Ultimate and Core | D158: Expeditions: A MudRunner Game - Year 1 Edition | E158: $69,99 | F158: $28,00 | G158: 0.6
A159: 46210 | B159: 46216 | C159: Deals With Game Pass Ultimate and Core | D159: Expeditions: A MudRunner Game - Year 1 Edition (Windows) | E159: $59,99 | F159: $24,00 | G159: 0.6
A160: 46210 | B160: 46216 | C160: Opportunistic | D160: Expeditions: A MudRunner Game - Year 1 Pass | E160: $29,99 | F160: $19,49 | G160: 0.35
A161: 46210 | B161: 46216 | C161: Opportunistic | D161: Expeditions: A MudRunner Game - Year 1 Pass (Windows) | E161: $29,99 | F161: $19,49 | G161: 0.35
A162: 46212 | B162: 46219 | C162: Game Pass UGS Teaser Sale | D162: Expeditions: A MudRunner Game | E162: $49,99 | F162: $20,00 | G162: 0.6
A163: 46212 | B163: 46219 | C163: Game Pass UGS Teaser Sale | D163: Expeditions: A MudRunner Game | E163: $39,99 | F163: $16,00 | G163: 0.6
A164: 46217 | B164: 46223 | C164: Opportunistic | D164: Expeditions: A MudRunner Game - Cotco Canyon | E164: $2,99 | F164: $2,24 | G164: 0.25
A165: 46217 | B165: 46223 | C165: Opportunistic | D165: Expeditions: A MudRunner Game - Cotco Canyon (Windows) | E165: $2,99 | F165: $2,24 | G165: 0.25
A166: 46217 | B166: 46223 | C166: Opportunistic | D166: Expeditions: A MudRunner Game - Ford Dual Pack | E166: $5,99 | F166: $4,49 | G166: 0.25
A167: 46217 | B167: 46223 | C167: Opportunistic | D167: Expeditions: A MudRunner Game - Ford Dual Pack (Windows) | E167: $5,99 | F167: $4,49 | G167: 0.25
... A251: 46385 | B251: 46026 | C251: Opportunistic | D251: Expeditions: A MudRunner Game - Year 1 Pass (Windows) | E251: $29,99 | F251: $19,49 | G251: 0.35
A253: SONY
A254: 46013 | B254: 46029 | C254: Holiday Sale - Part 1 | D254: Expeditions: A MudRunner Game - Supreme Edition | E254: 79.99 | F254: =E254*(1-G254) -> 39.995 | G254: 0.5
A255: 46013 | B255: 46029 | C255: Holiday Sale - Part 1 | D255: Expeditions: A MudRunner Game | E255: 39.99 | F255: =E255*(1-G255) -> 19.995 | G255: 0.5
A256: 46027 | B256: 46043 | C256: Holiday Sale - Part 2 | D256: Expeditions: A MudRunner Game - Year 1 Edition | E256: 69.99 | F256: =E256*(1-G256) -> 34.995 | G256: 0.5
A257: 46057 | B257: 46078 | C257: LNY/Critic's Choice | D257: Expeditions: A MudRunner Game - Supreme Edition | E257: 79.99 | F257: =E257*(1-G257) -> 39.995 | G257: 0.5
A258: 46057 | B258: 46078 | C258: LNY/Critic's Choice | D258: Expeditions: A MudRunner Game | E258: 39.99 | F258: =E258*(1-G258) -> 19.995 | G258: 0.5
A259: 46078 | B259: 46092 | C259: Dealmania | D259: Expeditions: A MudRunner Game - Year 1 Edition | E259: 69.99 | F259: =E259*(1-G259) -> 34.995 | G259: 0.5
A260: 46106 | B260: 46120 | C260: Spring Sale - Part 1 | D260: Expeditions: A MudRunner Game - Supreme Edition | E260: 79.99 | F260: =E260*(1-G260) -> 39.995 | G260: 0.5
A261: 46106 | B261: 46120 | C261: Spring Sale - Part 1 | D261: Expeditions: A MudRunner Game | E261: 39.99 | F261: =E261*(1-G261) -> 19.995 | G261: 0.5
A262: 46120 | B262: 46134 | C262: Spring Sale - Part 2 | D262: Expeditions: A MudRunner Game - Year 1 Edition | E262: 69.99 | F262: =E262*(1-G262) -> 34.995 | G262: 0.5
A263: 46155 | B263: 46169 | C263: Next Level Savings | D263: Expeditions: A MudRunner Game - Supreme Edition | E263: 79.99 | F263: =E263*(1-G263) -> 39.995 | G263: 0.5
A264: 46155 | B264: 46169 | C264: Next Level Savings | D264: Expeditions: A MudRunner Game | E264: 39.99 | F264: =E264*(1-G264) -> 19.995 | G264: 0.5
A265: 46169 | B265: 46183 | C265: Days of Play | D265: Expeditions: A MudRunner Game - Year 1 Edition | E265: 69.99 | F265: =E265*(1-G265) -> 34.995 | G265: 0.5
A266: 46106 | B266: 46120 | C266: Spring Sale - Part 1 | D266: Expeditions: A MudRunner Game - Supreme Edition | E266: 79.99 | F266: 39.995 | G266: 0.5
A267: 46218 | B267: 46232 | C267: Summer Sale Part 1 | D267: Expeditions: A MudRunner Game | E267: 39.99 | F267: 19.995 | G267: 0.6
A268: 46218 | B268: 46232 | C268: Summer Sale Part 1 | D268: Expeditions: A MudRunner Game - Supreme Edition | E268: 79.99 | F268: 39.995 | G268: 0.6
A269: 46230 | B269: 46246 | C269: Summer Sale Part 2 | D269: Expeditions: A MudRunner Game - Year 1 Edition | E269: 69.99 | F269: 34.995 | G269: 0.6
A270: 46260 | B270: 46274 | C270: Gamescom | D270: Expeditions: A MudRunner Game | E270: 39.99 | F270: 19.995 | G270: 0.6
A271: 46260 | B271: 46274 | C271: Gamescom | D271: Expeditions: A MudRunner Game - Supreme Edition | E271: 79.99 | F271: 39.995 | G271: 0.6
A272: 46274 | B272: 46288 | C272: Tokyo Game Show | D272: Expeditions: A MudRunner Game - Year 1 Edition | E272: 69.99 | F272: 34.995 | G272: 0.6
A273: TBC | B273: TBC | C273: TBC | D273: Expeditions: A MudRunner Game | E273: 39.99 | F273: 19.995 | G273: 0.6
A274: TBC | B274: TBC | C274: TBC | D274: Expeditions: A MudRunner Game - Supreme Edition | E274: 79.99 | F274: 39.995 | G274: 0.6

Sheet ISS 2026
A1: 2026
A2: Start Date | B2: End Date | C2: Program | D2: Content Name | E2: Current SRP ($USD) | F2: Promo SRP ($USD) | G2: Discount %
A3: STEAM
A4: 46030 | B4: 46044 | C4: Custom Sales | D4: Insurgency Sandstorm | E4: 29.99 | F4: =E4*(1-G4) -> 8.997 | G4: 0.7
A5: 46030 | B5: 46044 | C5: Custom Sales | D5: Insurgency Sandstorm 1 Year Anniversary | E5: 39.99 | F5: =E5*(1-G5) -> 9.9975 | G5: 0.75
A6: 46030 | B6: 46044 | C6: Custom Sales | D6: Insurgency Sandstorm Gold Edition | E6: 59.99 | F6: =E6*(1-G6) -> 17.997 | G6: 0.7
A7: 46030 | B7: 46044 | C7: Custom Sales | D7: Insurgency Sandstorm Ultimate Edition | E7: 69.99 | F7: =E7*(1-G7) -> 34.995 | G7: 0.5
A8: 46030 | B8: 46044 | C8: Custom Sales | D8: Insurgency Sandstorm 4 Year Anniversary | E8: 89.99 | F8: =E8*(1-G8) -> 40.4955 | G8: 0.55
A9: 46030 | B9: 46044 | C9: Custom Sales | D9: Insurgency Sandstorm Year Pass 1 | E9: 24.99 | F9: =E9*(1-G9) -> 12.495 | G9: 0.5
A10: 46030 | B10: 46044 | C10: Custom Sales | D10: Insurgency Sandstorm Year Pass 2 | E10: 29.99 | F10: =E10*(1-G10) -> 14.995 | G10: 0.5
A11: 46030 | B11: 46044 | C11: Custom Sales | D11: Insurgency Sandstorm Year Pass 3 | E11: 34.99 | F11: =E11*(1-G11) -> 24.493 | G11: 0.3
A12: 46030 | B12: 46044 | C12: Custom Sales | D12: Insurgency Sandstorm Year Pass 4 | E12: 34.99 | F12: =E12*(1-G12) -> 34.99 | G12: 0
A13: 46030 | B13: 46044 | C13: Custom Sales | D13: Insurgency Sandstorm Year Pass 1 + 2 | E13: 44.99 | F13: =E13*(1-G13) -> 22.495 | G13: 0.5
A14: 46030 | B14: 46044 | C14: Custom Sales | D14: Insurgency Sandstorm Year Pass 1 + 2+3+4 | E14: 59.99 | F14: =E14*(1-G14) -> 44.9925 | G14: 0.25
A16: 46074 | B16: 46088 | C16: Custom Sales | D16: Insurgency Sandstorm | E16: 29.99 | F16: =E16*(1-G16) -> 7.4975 | G16: 0.75 | H16: TBC
A17: 46074 | B17: 46088 | C17: Custom Sales | D17: Insurgency Sandstorm 1 Year Anniversary | E17: 39.99 | F17: =E17*(1-G17) -> 9.9975 | G17: 0.75
A18: 46074 | B18: 46088 | C18: Custom Sales | D18: Insurgency Sandstorm Gold Edition | E18: 59.99 | F18: =E18*(1-G18) -> 17.997 | G18: 0.7
A19: 46074 | B19: 46088 | C19: Custom Sales | D19: Insurgency Sandstorm Ultimate Edition | E19: 69.99 | F19: =E19*(1-G19) -> 34.995 | G19: 0.5
A20: 46074 | B20: 46088 | C20: Custom Sales | D20: Insurgency Sandstorm 4 Year Anniversary | E20: 89.99 | F20: =E20*(1-G20) -> 40.4955 | G20: 0.55
A21: 46074 | B21: 46088 | C21: Custom Sales | D21: Insurgency Sandstorm Year Pass 1 | E21: 24.99 | F21: =E21*(1-G21) -> 12.495 | G21: 0.5
A22: 46074 | B22: 46088 | C22: Custom Sales | D22: Insurgency Sandstorm Year Pass 2 | E22: 29.99 | F22: =E22*(1-G22) -> 14.995 | G22: 0.5
A23: 46074 | B23: 46088 | C23: Custom Sales | D23: Insurgency Sandstorm Year Pass 3 | E23: 34.99 | F23: =E23*(1-G23) -> 24.493 | G23: 0.3
A24: 46074 | B24: 46088 | C24: Custom Sales | D24: Insurgency Sandstorm Year Pass 4 | E24: 34.99 | F24: =E24*(1-G24) -> 34.99 | G24: 0
A25: 46074 | B25: 46088 | C25: Custom Sales | D25: Insurgency Sandstorm Year Pass 1 + 2 | E25: 44.99 | F25: =E25*(1-G25) -> 22.495 | G25: 0.5
A26: 46074 | B26: 46088 | C26: Custom Sales | D26: Insurgency Sandstorm Year Pass 1 + 2+3+4 | E26: 59.99 | F26: =E26*(1-G26) -> 44.9925 | G26: 0.25
A28: 46100 | B28: 46107 | C28: Spring Sales | D28: Insurgency Sandstorm | E28: 29.99 | F28: =E28*(1-G28) -> 7.4975 | G28: 0.75
A29: 46100 | B29: 46107 | C29: Spring Sales | D29: Insurgency Sandstorm 1 Year Anniversary | E29: 39.99 | F29: =E29*(1-G29) -> 11.997 | G29: 0.7
... A104: 46296 | B104: 46303 | C104: Autumn Sales | D104: Insurgency Sandstorm Year Pass 1 + 2+3+4 | E104: 59.99 | F104: =E104*(1-G104) -> 44.9925 | G104: 0.25
A109: MICROSOFT
A110: 46030 | B110: 46043 | C110: Countdown Add-on Sale | D110: Insurgency: Sandstorm - Year 1+2 Bundle | E110: $44,99 | F110: $22,50 | G110: 0.5
A111: 46030 | B111: 46043 | C111: Countdown Add-on Sale | D111: Insurgency: Sandstorm - Year 1 Pass | E111: $24,99 | F111: $12,50 | G111: 0.5
A112: 46030 | B112: 46043 | C112: Countdown Add-on Sale | D112: Insurgency: Sandstorm - Year 2 Pass | E112: $29,99 | F112: $15,00 | G112: 0.5
A113: 46030 | B113: 46043 | C113: Countdown Add-on Sale | D113: Insurgency: Sandstorm - Year 3 Pass | E113: $34,99 | F113: $24,49 | G113: 0.3
A114: 46035 | B114: 46041 | C114: Deals with Game Pass | D114: Insurgency Sandstorm Deluxe Edition | E114: $49,99 | F114: $15,00 | G114: 0.7
A115: 46035 | B115: 46041 | C115: Deals with Game Pass | D115: Insurgency Sandstorm Deluxe Edition | E115: $39,99 | F115: $12,00 | G115: 0.7
A116: 46042 | B116: 46048 | C116: Deals with Game Pass | D116: Insurgency: Sandstorm - 4-Year Anniversary Edition | E116: $99,99 | F116: $59,99 | G116: 0.4
A117: 46056 | B117: 46069 | C117: Publisher Dedicated Sale | D117: Insurgency Sandstorm | E117: $39,99 | F117: $12,00 | G117: 0.7
A118: 46056 | B118: 46069 | C118: Publisher Dedicated Sale | D118: Insurgency Sandstorm | E118: $29,99 | F118: $9,00 | G118: 0.7
A119: 46077 | B119: 46083 | C119: Opportunistic | D119: Insurgency: Sandstorm - Year 1+2 Bundle | E119: $44,99 | F119: $18,00 | G119: 0.6
A120: 46077 | B120: 46083 | C120: Opportunistic | D120: Insurgency: Sandstorm - Year 1 Pass | E120: $24,99 | F120: $12,50 | G120: 0.5
A121: 46077 | B121: 46083 | C121: Opportunistic | D121: Insurgency: Sandstorm - Year 2 Pass | E121: $29,99 | F121: $15,00 | G121: 0.5
... A140: 46170 | B140: 46183 | C140: Deals Unlocked Sale | D140: Insurgency: Sandstorm | E140: $29,99 | F140: $7,50 | G140: 0.75
A141: 46184 | B141: 46190 | C141: Deals Unlocked Add-on Sale | D141: Insurgency: Sandstorm - Year 1 Pass | E141: $24,99 | F141: 14.99 | G141: 0.4
A142: 46184 | B142: 46190 | C142: Deals Unlocked Add-on Sale | D142: Insurgency: Sandstorm - Year 2 Pass | E142: $29,99 | F142: 17.99 | G142: 0.4
A143: 46184 | B143: 46190 | C143: Deals Unlocked Add-on Sale | D143: Insurgency: Sandstorm - Year 3 Pass | E143: $34,99 | F143: 20.99 | G143: 0.4
A144: 46184 | B144: 46190 | C144: Game Pass Franchise Hits Sale | D144: Insurgency: Sandstorm - 4-Year Anniversary | E144: $99,99 | F144: $59,99 | G144: 0.55
A145: 46191 | B145: 46204 | C145: Tactical Gaming/Lock & Loadead Sale | D145: Insurgency: Sandstorm - Deluxe Edition | E145: $49,99 | F145: $12,50 | G145: 0.75
A146: 46191 | B146: 46204 | C146: Tactical Gaming/Lock & Loadead Sale | D146: Insurgency: Sandstorm - Deluxe Edition | E146: $39,99 | F146: $10,00 | G146: 0.75
A147: 46210 | B147: 46216 | C147: Opportunistic | D147: Insurgency: Sandstorm - Year 1+2+3+4 Bundle | E147: $69,99 | F147: $52,49 | G147: 0.25
A148: 46212 | B148: 46219 | C148: Game Pass UGS Teaser Sale | D148: Insurgency: Sandstorm | E148: $39,99 | F148: $10,00 | G148: 0.75
A149: 46212 | B149: 46219 | C149: Game Pass UGS Teaser Sale | D149: Insurgency: Sandstorm | E149: $29,99 | F149: $7,50 | G149: 0.75
A150: 46218 | B150: 46233 | C150: Ultimate Games Sale (UGS) | D150: Insurgency: Sandstorm | E150: $39,99 | F150: $10,00 | G150: 0.75
A151: 46218 | B151: 46233 | C151: Ultimate Games Sale (UGS) | D151: Insurgency: Sandstorm | E151: $29,99 | F151: $7,50 | G151: 0.75
A152: 46224 | B152: 46230 | C152: Deals With Game Pass Ultimate and Core | D152: Insurgency: Sandstorm - 4-Year Anniversary Edition | E152: $99,99 | F152: $45,00 | G152: 0.55
A153: 46233 | B153: 46247 | C153: UGS Add-on Sale | D153: Insurgency: Sandstorm - Year 1 Pass | E153: $24,99 | F153: $14,99 | G153: 0.4
A154: 46233 | B154: 46247 | C154: UGS Add-on Sale | D154: Insurgency: Sandstorm - Year 2 Pass | E154: $29,99 | F154: $17,99 | G154: 0.4
A155: 46233 | B155: 46247 | C155: UGS Add-on Sale | D155: Insurgency: Sandstorm - Year 3 Pass | E155: $34,99 | F155: $20,99 | G155: 0.4
... A186: 46385 | B186: 46026 | C186: Opportunistic | D186: Insurgency: Sandstorm - Year 1+2+3+4 Bundle | E186: $69,99 | F186: $52,49 | G186: 0.25
A188: SONY
A189: 46013 | B189: 46029 | C189: Holiday Sale - Part 1 | D189: Insurgency: Sandstorm - 4-Year Anniversary | E189: 99.99 | F189: =IFERROR(E189*(1-G189),"-") -> 59.994 | G189: 0.4
A190: 46013 | B190: 46029 | C190: Holiday Sale - Part 1 | D190: Insurgency: Sandstorm - Year 1 Pass | E190: {=_xlfn.XLOOKUP(D190,Prices!A:A,Prices!B:B,"-")} -> - | F190: =IFERROR(E190*(1-G190),"-") -> - | G190: 0.3
A191: 46013 | B191: 46029 | C191: Holiday Sale - Part 1 | D191: Insurgency: Sandstorm - Year 2 Pass | E191: {=_xlfn.XLOOKUP(D191,Prices!A:A,Prices!B:B,"-")} -> - | F191: =IFERROR(E191*(1-G191),"-") -> - | G191: 0.3
A192: 46013 | B192: 46029 | C192: Holiday Sale - Part 1 | D192: Insurgency: Sandstorm - Year 3 Pass | E192: {=_xlfn.XLOOKUP(D192,Prices!A:A,Prices!B:B,"-")} -> - | F192: =IFERROR(E192*(1-G192),"-") -> - | G192: 0.3
A193: 46013 | B193: 46029 | C193: Holiday Sale - Part 1 | D193: Insurgency: Sandstorm | E193: {=_xlfn.XLOOKUP(D193,Prices!A:A,Prices!B:B,"-")} -> 39.99 | F193: =IFERROR(E193*(1-G193),"-") -> 11.997 | G193: 0.7
A194: 46027 | B194: 46043 | C194: Holiday Sale - Part 2 | D194: Insurgency: Sandstorm - Deluxe Edition | E194: {=_xlfn.XLOOKUP(D194,Prices!A:A,Prices!B:B,"-")} -> 49.99 | F194: =IFERROR(E194*(1-G194),"-") -> 14.997 | G194: 0.7
A195: 46027 | B195: 46043 | C195: Holiday Sale - Part 2 | D195: Insurgency: Sandstorm - Year 1+2 Bundle | E195: - | F195: - | G195: 0.3
A196: 46027 | B196: 46043 | C196: Holiday Sale - Part 2 | D196: Insurgency: Sandstorm - Year 1+2+3+4 Bundle | E196: - | F196: - | G196: 0.2
A197: 46057 | B197: 46078 | C197: LNY/Critic's Choice | D197: Insurgency: Sandstorm | E197: {=_xlfn.XLOOKUP(D197,Prices!A:A,Prices!B:B,"-")} -> 39.99 | F197: =IFERROR(E197*(1-G197),"-") -> 11.997 | G197: 0.7
A198: 46057 | B198: 46078 | C198: LNY/Critic's Choice | D198: Insurgency: Sandstorm - 4-Year Anniversary | E198: 99.99 | F198: =IFERROR(E198*(1-G198),"-") -> 59.994 | G198: 0.4
A199: 46057 | B199: 46078 | C199: LNY/Critic's Choice | D199: Insurgency: Sandstorm - Year 1 Pass | E199: {=_xlfn.XLOOKUP(D199,Prices!A:A,Prices!B:B,"-")} -> - | F199: =IFERROR(E199*(1-G199),"-") -> - | G199: 0.3
A200: 46057 | B200: 46078 | C200: LNY/Critic's Choice | D200: Insurgency: Sandstorm - Year 2 Pass | E200: {=_xlfn.XLOOKUP(D200,Prices!A:A,Prices!B:B,"-")} -> - | F200: =IFERROR(E200*(1-G200),"-") -> - | G200: 0.3
A201: 46057 | B201: 46078 | C201: LNY/Critic's Choice | D201: Insurgency: Sandstorm - Year 3 Pass | E201: {=_xlfn.XLOOKUP(D201,Prices!A:A,Prices!B:B,"-")} -> - | F201: =IFERROR(E201*(1-G201),"-") -> - | G201: 0.3
A202: 46078 | B202: 46092 | C202: Dealmania | D202: Insurgency: Sandstorm - Deluxe Edition | E202: {=_xlfn.XLOOKUP(D202,Prices!A:A,Prices!B:B,"-")} -> 49.99 | F202: =IFERROR(E202*(1-G202),"-") -> 14.997 | G202: 0.7
A203: 46078 | B203: 46092 | C203: Dealmania | D203: Insurgency: Sandstorm - Year 1+2+3+4 Bundle | E203: - | F203: - | G203: 0.2
A204: 46101 | B204: 46105 | C204: Spring Sale - PS+ EA | D204: Insurgency: Sandstorm | E204: {=_xlfn.XLOOKUP(D204,Prices!A:A,Prices!B:B,"-")} -> 39.99 | F204: =IFERROR(E204*(1-G204),"-") -> 11.997 | G204: 0.7
A205: 46101 | B205: 46105 | C205: Spring Sale - PS+ EA | D205: Insurgency: Sandstorm - 4-Year Anniversary | E205: 99.99 | F205: =IFERROR(E205*(1-G205),"-") -> 59.994 | G205: 0.4
A206: 46106 | B206: 46120 | C206: Spring Sale - Part 1 | D206: Insurgency: Sandstorm | E206: {=_xlfn.XLOOKUP(D206,Prices!A:A,Prices!B:B,"-")} -> 39.99 | F206: =IFERROR(E206*(1-G206),"-") -> 11.997 | G206: 0.7
A207: 46106 | B207: 46120 | C207: Spring Sale - Part 1 | D207: Insurgency: Sandstorm - 4-Year Anniversary | E207: 99.99 | F207: =IFERROR(E207*(1-G207),"-") -> 59.994 | G207: 0.4
A208: 46106 | B208: 46120 | C208: Spring Sale - Part 1 | D208: Insurgency: Sandstorm - Year 1 Pass | E208: {=_xlfn.XLOOKUP(D208,Prices!A:A,Prices!B:B,"-")} -> - | F208: =IFERROR(E208*(1-G208),"-") -> - | G208: 0.3
A209: 46106 | B209: 46120 | C209: Spring Sale - Part 1 | D209: Insurgency: Sandstorm - Year 2 Pass | E209: {=_xlfn.XLOOKUP(D209,Prices!A:A,Prices!B:B,"-")} -> - | F209: =IFERROR(E209*(1-G209),"-") -> - | G209: 0.3
A210: 46106 | B210: 46120 | C210: Spring Sale - Part 1 | D210: Insurgency: Sandstorm - Year 3 Pass | E210: {=_xlfn.XLOOKUP(D210,Prices!A:A,Prices!B:B,"-")} -> - | F210: =IFERROR(E210*(1-G210),"-") -> - | G210: 0.3
A211: 46120 | B211: 46134 | C211: Spring Sale - Part 2 | D211: Insurgency: Sandstorm - Deluxe Edition | E211: {=_xlfn.XLOOKUP(D211,Prices!A:A,Prices!B:B,"-")} -> 49.99 | F211: =IFERROR(E211*(1-G211),"-") -> 14.997 | G211: 0.7
A212: 46120 | B212: 46134 | C212: Spring Sale - Part 2 | D212: Insurgency: Sandstorm - Year 1+2+3+4 Bundle | E212: - | F212: - | G212: 0.2
A213: 46143 | B213: 46146 | C213: WE Offer May | D213: Insurgency: Sandstorm | E213: 39.99 | F213: =IFERROR(E213*(1-G213),"-") -> 11.997 | G213: 0.7
A214: 46143 | B214: 46146 | C214: WE Offer May | D214: Insurgency: Sandstorm - Year 1 Pass | E214: 24.99 | F214: =IFERROR(E214*(1-G214),"-") -> 17.493 | G214: 0.3
A215: 46143 | B215: 46146 | C215: WE Offer May | D215: Insurgency: Sandstorm - Year 2 Pass | E215: 29.99 | F215: =IFERROR(E215*(1-G215),"-") -> 20.993 | G215: 0.3
A216: 46143 | B216: 46146 | C216: WE Offer May | D216: Insurgency: Sandstorm - Year 3 Pass | E216: 34.99 | F216: =IFERROR(E216*(1-G216),"-") -> 24.493 | G216: 0.3
A217: 46143 | B217: 46146 | C217: WE Offer May | D217: Insurgency: Sandstorm - Year 4 Pass | E217: 34.99 | F217: =IFERROR(E217*(1-G217),"-") -> 34.99 | G217: 0
A218: 46155 | B218: 46169 | C218: Next Level Savings | D218: Insurgency: Sandstorm - 4-Year Anniversary | E218: 99.99 | F218: =IFERROR(E218*(1-G218),"-") -> 59.994 | G218: 0.4
A219: 46169 | B219: 46183 | C219: Days of Play | D219: Insurgency: Sandstorm | E219: 39.99 | F219: =IFERROR(E219*(1-G219),"-") -> 11.997 | G219: 0.7
A220: 46169 | B220: 46183 | C220: Days of Play | D220: Insurgency: Sandstorm - Year 1 Pass | E220: 24.99 | F220: =IFERROR(E220*(1-G220),"-") -> 17.493 | G220: 0.3
A221: 46169 | B221: 46183 | C221: Days of Play | D221: Insurgency: Sandstorm - Year 2 Pass | E221: 29.99 | F221: =IFERROR(E221*(1-G221),"-") -> 20.993 | G221: 0.3
A222: 46169 | B222: 46183 | C222: Days of Play | D222: Insurgency: Sandstorm - Year 3 Pass | E222: 34.99 | F222: =IFERROR(E222*(1-G222),"-") -> 24.493 | G222: 0.3
A223: 46169 | B223: 46183 | C223: Days of Play | D223: Insurgency: Sandstorm - Year 4 Pass | E223: 34.99 | F223: =IFERROR(E223*(1-G223),"-") -> 34.99 | G223: 0
A224: 46190 | B224: 46204 | C224: Mid-Year Deals | D224: Insurgency: Sandstorm - 1-Year Anniversary | E224: 49.99 | F224: =IFERROR(E224*(1-G224),"-") -> 14.997 | G224: 0.7
... A230: 46218 | B230: 46232 | C230: Summer Sale PT 1 | D230: Insurgency: Sandstorm - Year 4 Pass | E230: 34.99 | F230: =IFERROR(E230*(1-G230),"-") -> 27.992 | G230: 0.2
A231: 46230 | B231: 46246 | C231: Summer Sale PT 2 | D231: Insurgency: Sandstorm - Deluxe Edition | E231: 49.99 | F231: 14.997 | G231: 0.75
A232: 46230 | B232: 46246 | C232: Summer Sale PT 2 | D232: Insurgency: Sandstorm - Year 1+2+3+4 Bundle | E232: - | F232: - | G232: 0.2
A233: 46246 | B233: 46260 | C233: Ready, Set, Play! | D233: Insurgency: Sandstorm - 4-Year Anniversary | E233: 99.99 | F233: =IFERROR(E233*(1-G233),"-") -> 44.9955 | G233: 0.55
A234: 46260 | B234: 46274 | C234: Gamescom | D234: Insurgency: Sandstorm | E234: 39.99 | F234: =IFERROR(E234*(1-G234),"-") -> 9.9975 | G234: 0.75
...

Sheet SM2 2025
A1: 2025
A2: Start Date | B2: End Date | C2: Program | D2: Content Name | E2: Current SRP ($USD) | F2: Promo SRP ($USD) | G2: Discount %
A3: STEAM
A4: 45673 | B4: 45684 | C4: Weekend Deal extended | D4: Warhammer 40,000: Space Marine 2 | E4: 59.99 | F4: =E4*(1-G4) -> 44.9925 | G4: 0.25
A5: 45673 | B5: 45684 | C5: Weekend Deal extended | D5: Warhammer 40,000: Space Marine 2 Gold Edition | E5: 89.99 | F5: =E5*(1-G5) -> 67.4925 | G5: 0.25
A6: 45673 | B6: 45684 | C6: Weekend Deal extended | D6: Warhammer 40,000: Space Marine 2 Ultra Edition | E6: 99.99 | F6: =E6*(1-G6) -> 74.9925 | G6: 0.25
A7: 45673 | B7: 45684 | C7: Weekend Deal extended | D7: Warhammer 40,000: Space Marine 2 - Season Pass | E7: 39.99 | F7: =E7*(1-G7) -> 31.992 | G7: 0.2 | H7: 45536
A8: 45673 | B8: 45684 | C8: Weekend Deal extended | D8: Warhammer 40,000: Space Marine 2 - DLC 1,3 | E8: 4.99 | F8: =E8*(1-G8) -> 3.992 | G8: 0.2 | H8: 45566
A9: 45673 | B9: 45684 | C9: Weekend Deal extended | D9: Warhammer 40,000: Space Marine 2 - OST | E9: 6.99 | F9: =E9*(1-G9) -> 5.592 | G9: 0.2 | H9: 45566
A10: 45673 | B10: 45684 | C10: Weekend Deal extended | D10: Warhammer 40,000: Space Marine 2 - Artbook | E10: 7.99 | F10: =E10*(1-G10) -> 6.392 | G10: 0.2 | H10: 45566
A11: 45673 | B11: 45684 | C11: Weekend Deal extended | D11: Warhammer 40,000: Space Marine 2 - DLC 4 (Dark Angels) | E11: 9.99 | F11: =E11*(1-G11) -> 9.99 | G11: 0 | H11: Dec 2024
A14: 45721 | B14: 45729 | C14: Custom deal early March | D14: Warhammer 40,000: Space Marine 2 | E14: 59.99 | F14: =E14*(1-G14) -> 38.9935 | G14: 0.35 | H14: TBC
A15: 45721 | B15: 45729 | C15: Custom deal early March | D15: Warhammer 40,000: Space Marine 2 Gold Edition | E15: 89.99 | F15: =E15*(1-G15) -> 58.4935 | G15: 0.35
A16: 45721 | B16: 45729 | C16: Custom deal early March | D16: Warhammer 40,000: Space Marine 2 Ultra Edition | E16: 99.99 | F16: =E16*(1-G16) -> 64.9935 | G16: 0.35
A17: 45721 | B17: 45729 | C17: Custom deal early March | D17: Warhammer 40,000: Space Marine 2 - Season Pass | E17: 39.99 | F17: =E17*(1-G17) -> 31.992 | G17: 0.2 | I17: 45536
A18: 45721 | B18: 45729 | C18: Custom deal early March | D18: Warhammer 40,000: Space Marine 2 - DLC 1,3 | E18: 4.99 | F18: =E18*(1-G18) -> 3.992 | G18: 0.2 | I18: 45566
A19: 45721 | B19: 45729 | C19: Custom deal early March | D19: Warhammer 40,000: Space Marine 2 - OST | E19: 6.99 | F19: =E19*(1-G19) -> 5.592 | G19: 0.2 | I19: 45566
A20: 45721 | B20: 45729 | C20: Custom deal early March | D20: Warhammer 40,000: Space Marine 2 - Artbook | E20: 7.99 | F20: =E20*(1-G20) -> 6.392 | G20: 0.2 | I20: 45566
A21: 45721 | B21: 45729 | C21: Custom deal early March | D21: Warhammer 40,000: Space Marine 2 - DLC 4 (Dark Angels) | E21: 9.99 | F21: =E21*(1-G21) -> 7.992 | G21: 0.2 | I21: Dec 2024
A22: 45721 | B22: 45729 | C22: Custom deal early March | D22: Warhammer 40,000: Space Marine 2 - DLC 8 (Salamanders) | E22: 7.99 | F22: =E22*(1-G22) -> 7.99 | G22: 0 | I22: Feb. 2025
A23: 45721 | B23: 45729 | C23: Custom deal early March | D23: Warhammer 40,000: Space Marine 2 - DLC 7 (Raven Guard) | E23: 4.99 | F23: =E23*(1-G23) -> 4.99 | G23: 0 | I23: Feb. 2025
A25: 45729 | B25: 45734 | C25: Spring Sales | D25: Warhammer 40,000: Space Marine 2 | E25: 59.99 | F25: =E25*(1-G25) -> 38.9935 | G25: 0.35 | H25: TBC
A26: 45729 | B26: 45734 | C26: Spring Sales | D26: Warhammer 40,000: Space Marine 2 Gold Edition | E26: 89.99 | F26: =E26*(1-G26) -> 58.4935 | G26: 0.35
A27: 45729 | B27: 45734 | C27: Spring Sales | D27: Warhammer 40,000: Space Marine 2 Ultra Edition | E27: 99.99 | F27: =E27*(1-G27) -> 64.9935 | G27: 0.35
A28: 45729 | B28: 45734 | C28: Spring Sales | D28: Warhammer 40,000: Space Marine 2 - Season Pass | E28: 39.99 | F28: =E28*(1-G28) -> 31.992 | G28: 0.2 | I28: 45536
A29: 45729 | B29: 45734 | C29: Spring Sales | D29: Warhammer 40,000: Space Marine 2 - DLC 1,3 | E29: 4.99 | F29: =E29*(1-G29) -> 3.992 | G29: 0.2 | I29: 45566
A30: 45729 | B30: 45734 | C30: Spring Sales | D30: Warhammer 40,000: Space Marine 2 - OST | E30: 6.99 | F30: =E30*(1-G30) -> 5.592 | G30: 0.2 | I30: 45566
A31: 45729 | B31: 45734 | C31: Spring Sales | D31: Warhammer 40,000: Space Marine 2 - Artbook | E31: 7.99 | F31: =E31*(1-G31) -> 6.392 | G31: 0.2 | I31: 45566
A32: 45729 | B32: 45734 | C32: Spring Sales | D32: Warhammer 40,000: Space Marine 2 - DLC 4 (Dark Angels) | E32: 9.99 | F32: =E32*(1-G32) -> 7.992 | G32: 0.2 | I32: Dec 2024
A33: 45729 | B33: 45734 | C33: Spring Sales | D33: Warhammer 40,000: Space Marine 2 - DLC 8 (Salamanders) | E33: 7.99 | F33: =E33*(1-G33) -> 7.99 | G33: 0 | I33: Feb. 2025
A34: 45729 | B34: 45734 | C34: Spring Sales | D34: Warhammer 40,000: Space Marine 2 - DLC 7 (Raven Guard) | E34: 4.99 | F34: =E34*(1-G34) -> 4.99 | G34: 0 | I34: Feb. 2025
A36: 45759 | B36: 45769 | C36: Custom Deal pre Skulls | D36: Warhammer 40,000: Space Marine 2 | E36: 59.99 | F36: =E36*(1-G36) -> 38.9935 | G36: 0.35 | H36: TBC
A37: 45759 | B37: 45769 | C37: Custom Deal pre Skulls | D37: Warhammer 40,000: Space Marine 2 Gold Edition | E37: 89.99 | F37: =E37*(1-G37) -> 58.4935 | G37: 0.35
A38: 45759 | B38: 45769 | C38: Custom Deal pre Skulls | D38: Warhammer 40,000: Space Marine 2 Ultra Edition | E38: 99.99 | F38: =E38*(1-G38) -> 64.9935 | G38: 0.35
A39: 45759 | B39: 45769 | C39: Custom Deal pre Skulls | D39: Warhammer 40,000: Space Marine 2 - Season Pass | E39: 39.99 | F39: =E39*(1-G39) -> 31.992 | G39: 0.2 | I39: 45536
A40: 45759 | B40: 45769 | C40: Custom Deal pre Skulls | D40: Warhammer 40,000: Space Marine 2 - DLC 1,3 | E40: 4.99 | F40: =E40*(1-G40) -> 3.992 | G40: 0.2 | I40: 45566
A41: 45759 | B41: 45769 | C41: Custom Deal pre Skulls | D41: Warhammer 40,000: Space Marine 2 - OST | E41: 6.99 | F41: =E41*(1-G41) -> 5.592 | G41: 0.2 | I41: 45566
A42: 45759 | B42: 45769 | C42: Custom Deal pre Skulls | D42: Warhammer 40,000: Space Marine 2 - Artbook | E42: 7.99 | F42: =E42*(1-G42) -> 6.392 | G42: 0.2 | I42: 45566
A43: 45759 | B43: 45769 | C43: Custom Deal pre Skulls | D43: Warhammer 40,000: Space Marine 2 - DLC 4 (Dark Angels) | E43: 9.99 | F43: =E43*(1-G43) -> 7.992 | G43: 0.2 | I43: Dec 2024
A44: 45759 | B44: 45769 | C44: Custom Deal pre Skulls | D44: Warhammer 40,000: Space Marine 2 - DLC 8 (Salamanders) | E44: 7.99 | F44: =E44*(1-G44) -> 7.99 | G44: 0 | I44: Feb. 2025
A45: 45759 | B45: 45769 | C45: Custom Deal pre Skulls | D45: Warhammer 40,000: Space Marine 2 - DLC 7 (Raven Guard) | E45: 4.99 | F45: =E45*(1-G45) -> 4.99 | G45: 0 | I45: Feb. 2025
A46: 45759 | B46: 45769 | C46: Custom Deal pre Skulls | D46: Warhammer 40,000: Space Marine 2 - DLC 5 (Space Wolves) | E46: 9.99 | F46: =E46*(1-G46) -> 9.99 | G46: 0 | I46: April 2025
A47: 45759 | B47: 45769 | C47: Custom Deal pre Skulls | D47: Warhammer 40,000: Space Marine 2 - DLC 10 (Imperial Fist) | E47: 7.99 | F47: =E47*(1-G47) -> 7.99 | G47: 0 | I47: April 2025
A49: 45799 | B49: 45813 | C49: Skulls | D49: Warhammer 40,000: Space Marine 2 | E49: 59.99 | F49: =E49*(1-G49) -> 35.994 | G49: 0.4 | H49: TBC
A50: 45799 | B50: 45813 | C50: Skulls | D50: Warhammer 40,000: Space Marine 2 Gold Edition | E50: 89.99 | F50: =E50*(1-G50) -> 53.994 | G50: 0.4
A51: 45799 | B51: 45813 | C51: Skulls | D51: Warhammer 40,000: Space Marine 2 Ultra Edition | E51: 99.99 | F51: =E51*(1-G51) -> 59.994 | G51: 0.4
A52: 45799 | B52: 45813 | C52: Skulls | D52: Warhammer 40,000: Space Marine 2 - Season Pass | E52: 39.99 | F52: =E52*(1-G52) -> 31.992 | G52: 0.2 | I52: 45536
A53: 45799 | B53: 45813 | C53: Skulls | D53: Warhammer 40,000: Space Marine 2 - DLC 1,3 | E53: 4.99 | F53: =E53*(1-G53) -> 3.992 | G53: 0.2 | I53: 45566
A54: 45799 | B54: 45813 | C54: Skulls | D54: Warhammer 40,000: Space Marine 2 - OST | E54: 6.99 | F54: =E54*(1-G54) -> 5.592 | G54: 0.2 | I54: 45566
A55: 45799 | B55: 45813 | C55: Skulls | D55: Warhammer 40,000: Space Marine 2 - Artbook | E55: 7.99 | F55: =E55*(1-G55) -> 6.392 | G55: 0.2 | I55: 45566
A56: 45799 | B56: 45813 | C56: Skulls | D56: Warhammer 40,000: Space Marine 2 - DLC 4 (Dark Angels) | E56: 9.99 | F56: =E56*(1-G56) -> 7.992 | G56: 0.2 | I56: Dec 2024
A57: 45799 | B57: 45813 | C57: Skulls | D57: Warhammer 40,000: Space Marine 2 - DLC 8 (Salamanders) | E57: 7.99 | F57: =E57*(1-G57) -> 6.392 | G57: 0.2 | I57: Feb. 2025
A58: 45799 | B58: 45813 | C58: Skulls | D58: Warhammer 40,000: Space Marine 2 - DLC 7 (Raven Guard) | E58: 4.99 | F58: =E58*(1-G58) -> 3.992 | G58: 0.2 | I58: Feb. 2025
A59: 45799 | B59: 45813 | C59: Skulls | D59: Warhammer 40,000: Space Marine 2 - DLC 5 (Space Wolves) | E59: 9.99 | F59: =E59*(1-G59) -> 9.99 | G59: 0 | I59: April 2025
A60: 45799 | B60: 45813 | C60: Skulls | D60: Warhammer 40,000: Space Marine 2 - DLC 10 (Imperial Fist) | E60: 7.99 | F60: =E60*(1-G60) -> 7.99 | G60: 0 | I60: April 2025
A62: 45834 | B62: 45848 | C62: Summer Sales | D62: Warhammer 40,000: Space Marine 2 | E62: 59.99 | F62: =E62*(1-G62) -> 35.994 | G62: 0.4 | H62: TBC
A63: 45834 | B63: 45848 | C63: Summer Sales | D63: Warhammer 40,000: Space Marine 2 Gold Edition | E63: 89.99 | F63: =E63*(1-G63) -> 53.994 | G63: 0.4
A64: 45834 | B64: 45848 | C64: Summer Sales | D64: Warhammer 40,000: Space Marine 2 Ultra Edition | E64: 99.99 | F64: =E64*(1-G64) -> 59.994 | G64: 0.4
A65: 45834 | B65: 45848 | C65: Summer Sales | D65: Warhammer 40,000: Space Marine 2 - Season Pass | E65: 39.99 | F65: =E65*(1-G65) -> 31.992 | G65: 0.2 | I65: 45536
A66: 45834 | B66: 45848 | C66: Summer Sales | D66: Warhammer 40,000: Space Marine 2 - DLC 1,3 | E66: 4.99 | F66: =E66*(1-G66) -> 3.992 | G66: 0.2 | I66: 45566
A67: 45834 | B67: 45848 | C67: Summer Sales | D67: Warhammer 40,000: Space Marine 2 - OST | E67: 6.99 | F67: =E67*(1-G67) -> 5.592 | G67: 0.2 | I67: 45566
A68: 45834 | B68: 45848 | C68: Summer Sales | D68: Warhammer 40,000: Space Marine 2 - Artbook | E68: 7.99 | F68: =E68*(1-G68) -> 6.392 | G68: 0.2 | I68: 45566
A69: 45834 | B69: 45848 | C69: Summer Sales | D69: Warhammer 40,000: Space Marine 2 - DLC 4 (Dark Angels) | E69: 9.99 | F69: =E69*(1-G69) -> 7.992 | G69: 0.2 | I69: Dec 2024
A70: 45834 | B70: 45848 | C70: Summer Sales | D70: Warhammer 40,000: Space Marine 2 - DLC 8 (Salamanders) | E70: 7.99 | F70: =E70*(1-G70) -> 6.392 | G70: 0.2 | I70: Feb. 2025
A71: 45834 | B71: 45848 | C71: Summer Sales | D71: Warhammer 40,000: Space Marine 2 - DLC 7 (Raven Guard) | E71: 4.99 | F71: =E71*(1-G71) -> 3.992 | G71: 0.2 | I71: Feb. 2025
A72: 45834 | B72: 45848 | C72: Summer Sales | D72: Warhammer 40,000: Space Marine 2 - DLC 5 (Space Wolves) | E72: 9.99 | F72: =E72*(1-G72) -> 7.992 | G72: 0.2 | I72: April 2025
A73: 45834 | B73: 45848 | C73: Summer Sales | D73: Warhammer 40,000: Space Marine 2 - DLC 10 (Imperial Fist) | E73: 7.99 | F73: =E73*(1-G73) -> 6.392 | G73: 0.2 | I73: April 2025
A74: 45834 | B74: 45848 | C74: Summer Sales | D74: Warhammer 40,000: Space Marine 2 - DLC 6 (White Scarf) | E74: 9.99 | F74: =E74*(1-G74) -> 9.99 | G74: 0 | I74: June 2025
A75: 45834 | B75: 45848 | C75: Summer Sales | D75: Warhammer 40,000: Space Marine 2 - DLC 11 (Blodd Angels) | E75: 4.99 | F75: =E75*(1-G75) -> 4.99 | G75: 0 | I75: June 2025
A77: 45862 | B77: 45873 | C77: Custom July promo | D77: Warhammer 40,000: Space Marine 2 | E77: 59.99 | F77: =E77*(1-G77) -> 32.9945 | G77: 0.45 | H77: TBC
A78: 45862 | B78: 45873 | C78: Custom July promo | D78: Warhammer 40,000: Space Marine 2 Gold Edition | E78: 89.99 | F78: =E78*(1-G78) -> 49.4945 | G78: 0.45
A79: 45862 | B79: 45873 | C79: Custom July promo | D79: Warhammer 40,000: Space Marine 2 Ultra Edition | E79: 99.99 | F79: =E79*(1-G79) -> 54.9945 | G79: 0.45
A80: 45862 | B80: 45873 | C80: Custom July promo | D80: Warhammer 40,000: Space Marine 2 - Season Pass | E80: 39.99 | F80: =E80*(1-G80) -> 31.992 | G80: 0.2 | I80: 45536
A81: 45862 | B81: 45873 | C81: Custom July promo | D81: Warhammer 40,000: Space Marine 2 - DLC 1,3 | E81: 4.99 | F81: =E81*(1-G81) -> 3.992 | G81: 0.2 | I81: 45566
A82: 45862 | B82: 45873 | C82: Custom July promo | D82: Warhammer 40,000: Space Marine 2 - OST | E82: 6.99 | F82: =E82*(1-G82) -> 5.592 | G82: 0.2 | I82: 45566
A83: 45862 | B83: 45873 | C83: Custom July promo | D83: Warhammer 40,000: Space Marine 2 - Artbook | E83: 7.99 | F83: =E83*(1-G83) -> 6.392 | G83: 0.2 | I83: 45566
A84: 45862 | B84: 45873 | C84: Custom July promo | D84: Warhammer 40,000: Space Marine 2 - DLC 4 (Dark Angels) | E84: 9.99 | F84: =E84*(1-G84) -> 7.992 | G84: 0.2 | I84: Dec 2024
A85: 45862 | B85: 45873 | C85: Custom July promo | D85: Warhammer 40,000: Space Marine 2 - DLC 8 (Salamanders) | E85: 7.99 | F85: =E85*(1-G85) -> 6.392 | G85: 0.2 | I85: Feb. 2025
A86: 45862 | B86: 45873 | C86: Custom July promo | D86: Warhammer 40,000: Space Marine 2 - DLC 7 (Raven Guard) | E86: 4.99 | F86: =E86*(1-G86) -> 3.992 | G86: 0.2 | I86: Feb. 2025
A87: 45862 | B87: 45873 | C87: Custom July promo | D87: Warhammer 40,000: Space Marine 2 - DLC 5 (Space Wolves) | E87: 9.99 | F87: =E87*(1-G87) -> 7.992 | G87: 0.2 | I87: April 2025
A88: 45862 | B88: 45873 | C88: Custom July promo | D88: Warhammer 40,000: Space Marine 2 - DLC 10 (Imperial Fist) | E88: 7.99 | F88: =E88*(1-G88) -> 6.392 | G88: 0.2 | I88: April 2025
A89: 45862 | B89: 45873 | C89: Custom July promo | D89: Warhammer 40,000: Space Marine 2 - DLC 6 (White Scarf) | E89: 9.99 | F89: =E89*(1-G89) -> 9.99 | G89: 0 | I89: June 2025
A90: 45862 | B90: 45873 | C90: Custom July promo | D90: Warhammer 40,000: Space Marine 2 - DLC 11 (Blodd Angels) | E90: 4.99 | F90: =E90*(1-G90) -> 4.99 | G90: 0 | I90: June 2025
A92: 45904 | B92: 45915 | C92: Publisher Sales | D92: Warhammer 40,000: Space Marine 2 | E92: 59.99 | F92: =E92*(1-G92) -> 29.995 | G92: 0.5 | H92: TBC
A93: 45904 | B93: 45915 | C93: Publisher Sales | D93: Warhammer 40,000: Space Marine 2 1 Year Anniversary | E93: 89.99 | F93: =E93*(1-G93) -> 44.995 | G93: 0.5
A94: 45904 | B94: 45915 | C94: Publisher Sales | D94: Warhammer 40,000: Space Marine 2 Ultra Edition | E94: 99.99 | F94: =E94*(1-G94) -> 49.995 | G94: 0.5
A95: 45904 | B95: 45915 | C95: Publisher Sales | D95: Warhammer 40,000: Space Marine 2 2 Year Anniversary | E95: 119.99 | F95: =E95*(1-G95) -> 119.99 | G95: 0
A96: 45904 | B96: 45915 | C96: Publisher Sales | D96: Warhammer 40,000: Space Marine 2 - Season Pass | E96: 39.99 | F96: =E96*(1-G96) -> 31.992 | G96: 0.2 | I96: 45536
A97: 45904 | B97: 45915 | C97: Publisher Sales | D97: Warhammer 40,000: Space Marine 2 - DLC 1,3 | E97: 4.99 | F97: =E97*(1-G97) -> 3.992 | G97: 0.2 | I97: 45566
A98: 45904 | B98: 45915 | C98: Publisher Sales | D98: Warhammer 40,000: Space Marine 2 - OST | E98: 6.99 | F98: =E98*(1-G98) -> 5.592 | G98: 0.2 | I98: 45566
A99: 45904 | B99: 45915 | C99: Publisher Sales | D99: Warhammer 40,000: Space Marine 2 - Artbook | E99: 7.99 | F99: =E99*(1-G99) -> 6.392 | G99: 0.2 | I99: 45566
A100: 45904 | B100: 45915 | C100: Publisher Sales | D100: Warhammer 40,000: Space Marine 2 - DLC 4 (Dark Angels) | E100: 9.99 | F100: =E100*(1-G100) -> 7.992 | G100: 0.2 | I100: Dec 2024
A101: 45904 | B101: 45915 | C101: Publisher Sales | D101: Warhammer 40,000: Space Marine 2 - DLC 8 (Salamanders) | E101: 7.99 | F101: =E101*(1-G101) -> 6.392 | G101: 0.2 | I101: Feb. 2025
A102: 45904 | B102: 45915 | C102: Publisher Sales | D102: Warhammer 40,000: Space Marine 2 - DLC 7 (Raven Guard) | E102: 4.99 | F102: =E102*(1-G102) -> 3.992 | G102: 0.2 | I102: Feb. 2025
A103: 45904 | B103: 45915 | C103: Publisher Sales | D103: Warhammer 40,000: Space Marine 2 - DLC 5 (Space Wolves) | E103: 9.99 | F103: =E103*(1-G103) -> 7.992 | G103: 0.2 | I103: April 2025
A104: 45904 | B104: 45915 | C104: Publisher Sales | D104: Warhammer 40,000: Space Marine 2 - DLC 10 (Imperial Fist) | E104: 7.99 | F104: =E104*(1-G104) -> 6.392 | G104: 0.2 | I104: April 2025
A105: 45904 | B105: 45915 | C105: Publisher Sales | D105: Warhammer 40,000: Space Marine 2 - DLC 6 (White Scarf) | E105: 9.99 | F105: =E105*(1-G105) -> 7.992 | G105: 0.2 | I105: June 2025
A106: 45904 | B106: 45915 | C106: Publisher Sales | D106: Warhammer 40,000: Space Marine 2 - DLC 11 (Blodd Angels) | E106: 4.99 | F106: =E106*(1-G106) -> 3.992 | G106: 0.2 | I106: June 2025
A108: 45929 | B108: 45936 | C108: Autumn Sales | D108: Warhammer 40,000: Space Marine 2 | E108: 59.99 | F108: =E108*(1-G108) -> 29.995 | G108: 0.5 | H108: TBC | J108: =E108*0.45 -> 26.9955 | K108: =69.99*0.45 -> 31.4955
A109: 45929 | B109: 45936 | C109: Autumn Sales | D109: Warhammer 40,000: Space Marine 2 1 Year Anniversary | E109: 89.99 | F109: =E109*(1-G109) -> 44.995 | G109: 0.5
...

Sheet RoadCraft 2025
A1: 2025
A2: Start Date | B2: End Date | C2: Program | D2: Content Name | E2: Current SRP ($USD) | F2: Promo SRP ($USD) | G2: Discount %
A3: STEAM
A4: 45904 | B4: 45915 | C4: Publisher Sales | D4: Roadcraft | E4: 39.99 | F4: =E4*(1-G4) -> 31.992 | G4: 0.2
A5: 45904 | B5: 45915 | C5: Publisher Sales | D5: RoadCraft – Rebuild Edition | E5: 49.99 | F5: =E5*(1-G5) -> 37.4925 | G5: 0.25
A6: 45904 | B6: 45915 | C6: Publisher Sales | D6: RoadCraft – Rebuild Expansion | E6: 14.99 | F6: =E6*(1-G6) -> 14.99 | G6: 0
A8: 45929 | B8: 45936 | C8: Autumn Sales | D8: Roadcraft | E8: 39.99 | F8: =E8*(1-G8) -> 29.9925 | G8: 0.25
A9: 45929 | B9: 45936 | C9: Autumn Sales | D9: RoadCraft – Rebuild Edition | E9: 49.99 | F9: =E9*(1-G9) -> 34.993 | G9: 0.3
A10: 45929 | B10: 45936 | C10: Autumn Sales | D10: RoadCraft – Rebuild Expansion | E10: 14.99 | F10: =E10*(1-G10) -> 14.99 | G10: 0
A12: 46350 | B12: 46357 | C12: Black Friday | D12: Roadcraft | E12: 39.99 | F12: =E12*(1-G12) -> 27.993 | G12: 0.3
A13: 46350 | B13: 46357 | C13: Black Friday | D13: RoadCraft – Rebuild Edition | E13: 49.99 | F13: =E13*(1-G13) -> 32.4935 | G13: 0.35
A14: 46350 | B14: 46357 | C14: Black Friday | D14: RoadCraft – Rebuild Expansion | E14: 14.99 | F14: =E14*(1-G14) -> 14.99 | G14: 0
A16: 46374 | B16: 46027 | C16: Winter Sales | D16: Roadcraft | E16: 39.99 | F16: =E16*(1-G16) -> 27.993 | G16: 0.3
A17: 46374 | B17: 46027 | C17: Winter Sales | D17: RoadCraft – Rebuild Edition | E17: 49.99 | F17: =E17*(1-G17) -> 32.4935 | G17: 0.35
A18: 46374 | B18: 46027 | C18: Winter Sales | D18: RoadCraft – Rebuild Expansion | E18: 14.99 | F18: =E18*(1-G18) -> 14.99 | G18: 0
A21: MICROSOFT
A22: 45853 | B22: 45859 | C22: Deals With Game Pass Ultimate and Core | D22: Roadcraft | E22: $39,99 | F22: $31,99 | G22: 0.2
A23: 45888 | B23: 45902 | C23: Keep On Gaming Sale | D23: Roadcraft | E23: $39,99 | F23: $31,99 | G23: 0.2
A24: 46302 | B24: 46315 | C24: Publisher Spotlight | D24: Roadcraft | E24: $39,99 | F24: $31,99 | G24: 0.2
A25: 46323 | B25: 46329 | C25: Deals With Game Pass Ultimate and Core | D25: RoadCraft – Rebuild Edition | E25: $49,99 | F25: $37,49 | G25: 0.25
A26: 46346 | B26: 46359 | C26: Black Friday Sale | D26: Roadcraft | E26: $39,99 | F26: $29,99 | G26: 0.25
A27: 46360 | B27: 46373 | C27: Game Pass Games to Gift Sale | D27: RoadCraft – Rebuild Edition | E27: $49,99 | F27: $34,99 | G27: 0.3
A28: 46374 | B28: 46029 | C28: Countdown Sale | D28: Roadcraft | E28: $39,99 | F28: $27,99 | G28: 0.3
A30: SONY
A31: 45854 | B31: 45868 | C31: Summer Sale - Part 1 | D31: RoadCraft | E31: 39.99 | F31: =E31*(1-G31) -> 31.992 | G31: 0.2
A32: 45896 | B32: 45910 | C32: Ready, Set, Play! | D32: RoadCraft | E32: 39.99 | F32: =E32*(1-G32) -> 31.992 | G32: 0.2
A33: 45910 | B33: 45924 | C33: Autumn Adventures | D33: RoadCraft - Rebuild Edition | E33: 49.99 | F33: =E33*(1-G33) -> 39.992 | G33: 0.2
A34: 45938 | B34: 45952 | C34: Player's Choice | D34: RoadCraft | E34: 39.99 | F34: =E34*(1-G34) -> 31.992 | G34: 0.2
A35: 45952 | B35: 45967 | C35: Planet of the Discounts | D35: RoadCraft - Rebuild Edition | E35: 49.99 | F35: =E35*(1-G35) -> 37.4925 | G35: 0.25
A36: 45982 | B36: 45992 | C36: Black Friday | D36: RoadCraft | E36: 39.99 | F36: =E36*(1-G36) -> 29.9925 | G36: 0.25
A37: 45992 | B37: 46007 | C37: End of Year Deals | D37: RoadCraft - Rebuild Edition | E37: 49.99 | F37: =E37*(1-G37) -> 32.4935 | G37: 0.35
A38: 46010 | B38: 46012 | C38: Holiday-Jan Sale - PS+ EA | D38: RoadCraft | E38: 39.99 | F38: =E38*(1-G38) -> 27.993 | G38: 0.3
A39: 46013 | B39: 46029 | C39: Holiday-Jan Sale - Part 1 | D39: RoadCraft | E39: 39.99 | F39: =E39*(1-G39) -> 27.993 | G39: 0.3
A40: 46027 | B40: 46043 | C40: Holiday-Jan Sale - Part 2 | D40: RoadCraft - Rebuild Edition | E40: 49.99 | F40: =E40*(1-G40) -> 32.4935 | G40: 0.35
A41: 46057 | B41: 46078 | C41: LNY/Critic's Choice | D41: RoadCraft | E41: 39.99 | F41: =E41*(1-G41) -> 27.993 | G41: 0.3
A42: 46078 | B42: 46092 | C42: Dealmania | D42: RoadCraft - Rebuild Edition | E42: 49.99 | F42: =E42*(1-G42) -> 32.4935 | G42: 0.35
... A46: 46148 | B46: 46163 | C46: TBC | D46: RoadCraft | E46: 39.99 | F46: =E46*(1-G46) -> 27.993 | G46: 0.3

Sheet Snow 2025
A1: 2025
A2: Start Date | B2: End Date | C2: Program | D2: Content Name | E2: Current SRP ($USD) | F2: Promo SRP ($USD) | G2: Discount % | H2: Release
A3: STEAM
A4: 45670 | B4: 45684 | C4: Custom promo January | D4: SnowRunner | E4: 29.99 | F4: =E4*(1-G4) -> 14.995 | G4: 0.5
A5: 45670 | B5: 45684 | C5: Custom promo January | D5: SnowRunner - 1 year anniversary | E5: 39.99 | F5: =E5*(1-G5) -> 19.995 | G5: 0.5
A6: 45670 | B6: 45684 | C6: Custom promo January | D6: SnowRunner - 2 year anniversary | E6: 64.77 | F6: =E6*(1-G6) -> 34.9758 | G6: 0.46
A7: 45670 | B7: 45684 | C7: Custom promo January | D7: SnowRunner - 3 year anniversary | E7: 84.99 | F7: =E7*(1-G7) -> 50.994 | G7: 0.4
A8: 45670 | B8: 45684 | C8: Custom promo January | D8: SnowRunner - 4 year anniversary | E8: 104.99 | F8: =E8*(1-G8) -> 75.5928 | G8: 0.28
A9: 45670 | B9: 45684 | C9: Custom promo January | D9: Snowrunner all seasons except before 12 | E9: 6.99 | F9: =E9*(1-G9) -> 4.5435 | G9: 0.35
A10: 45670 | B10: 45684 | C10: Custom promo January | D10: Season 12 | E10: 11.99 | F10: =E10*(1-G10) -> 7.7935 | G10: 0.35 | H10: Jan. 2024
A11: 45670 | B11: 45684 | C11: Custom promo January | D11: Season 13 | E11: 6.99 | F11: =E11*(1-G11) -> 4.893 | G11: 0.3 | H11: 45444
A12: 45670 | B12: 45684 | C12: Custom promo January | D12: Season 14 | E12: 6.99 | F12: =E12*(1-G12) -> 5.2425 | G12: 0.25 | H12: 45536
A13: 45670 | B13: 45684 | C13: Custom promo January | D13: Snowrunner all Vehicules | E13: 3.99 | F13: =E13*(1-G13) -> 3.192 | G13: 0.2
A14: 45670 | B14: 45684 | C14: Custom promo January | D14: SnowRunner Year 1 Pass | E14: 24.99 | F14: =E14*(1-G14) -> 17.493 | G14: 0.3
A15: 45670 | B15: 45684 | C15: Custom promo January | D15: SnowRunner Year 2 Pass | E15: 24.99 | F15: =E15*(1-G15) -> 17.493 | G15: 0.3
A16: 45670 | B16: 45684 | C16: Custom promo January | D16: SnowRunner Year 3 Pass | E16: 24.99 | F16: =E16*(1-G16) -> 18.7425 | G16: 0.25
A17: 45670 | B17: 45684 | C17: Custom promo January | D17: SnowRunner Year 4 Pass | E17: 24.99 | F17: =E17*(1-G17) -> 24.99 | G17: 0
A19: 45715 | B19: 45727 | C19: Custom promo late Feb | D19: SnowRunner | E19: 29.99 | F19: =E19*(1-G19) -> 14.995 | G19: 0.5
A20: 45715 | B20: 45727 | C20: Custom promo late Feb | D20: SnowRunner - 1 year anniversary | E20: 39.99 | F20: =E20*(1-G20) -> 19.995 | G20: 0.5
A21: 45715 | B21: 45727 | C21: Custom promo late Feb | D21: SnowRunner - 2 year anniversary | E21: 64.77 | F21: =E21*(1-G21) -> 34.9758 | G21: 0.46
A22: 45715 | B22: 45727 | C22: Custom promo late Feb | D22: SnowRunner - 3 year anniversary | E22: 84.99 | F22: =E22*(1-G22) -> 50.994 | G22: 0.4
A23: 45715 | B23: 45727 | C23: Custom promo late Feb | D23: SnowRunner - 4 year anniversary | E23: 104.99 | F23: =E23*(1-G23) -> 75.5928 | G23: 0.28
A24: 45715 | B24: 45727 | C24: Custom promo late Feb | D24: Snowrunner all seasons except before 12 | E24: 6.99 | F24: =E24*(1-G24) -> 4.5435 | G24: 0.35
A25: 45715 | B25: 45727 | C25: Custom promo late Feb | D25: Season 12 | E25: 11.99 | F25: =E25*(1-G25) -> 7.7935 | G25: 0.35 | H25: Jan. 2024
A26: 45715 | B26: 45727 | C26: Custom promo late Feb | D26: Season 13 | E26: 6.99 | F26: =E26*(1-G26) -> 4.893 | G26: 0.3 | H26: 45444
A27: 45715 | B27: 45727 | C27: Custom promo late Feb | D27: Season 14 | E27: 6.99 | F27: =E27*(1-G27) -> 5.2425 | G27: 0.25 | H27: 45536
A28: 45715 | B28: 45727 | C28: Custom promo late Feb | D28: Snowrunner all Vehicules | E28: 3.99 | F28: =E28*(1-G28) -> 3.192 | G28: 0.2
A29: 45715 | B29: 45727 | C29: Custom promo late Feb | D29: SnowRunner Year 1 Pass | E29: 24.99 | F29: =E29*(1-G29) -> 17.493 | G29: 0.3
A30: 45715 | B30: 45727 | C30: Custom promo late Feb | D30: SnowRunner Year 2 Pass | E30: 24.99 | F30: =E30*(1-G30) -> 17.493 | G30: 0.3
A31: 45715 | B31: 45727 | C31: Custom promo late Feb | D31: SnowRunner Year 3 Pass | E31: 24.99 | F31: =E31*(1-G31) -> 18.7425 | G31: 0.25
A32: 45715 | B32: 45727 | C32: Custom promo late Feb | D32: SnowRunner Year 4 Pass | E32: 24.99 | F32: =E32*(1-G32) -> 24.99 | G32: 0
A34: 45729 | B34: 45734 | C34: Spring Sales | D34: SnowRunner | E34: 29.99 | F34: =E34*(1-G34) -> 14.995 | G34: 0.5
A35: 45729 | B35: 45734 | C35: Spring Sales | D35: SnowRunner - 1 year anniversary | E35: 39.99 | F35: =E35*(1-G35) -> 19.995 | G35: 0.5
A36: 45729 | B36: 45734 | C36: Spring Sales | D36: SnowRunner - 2 year anniversary | E36: 64.77 | F36: =E36*(1-G36) -> 34.9758 | G36: 0.46
A37: 45729 | B37: 45734 | C37: Spring Sales | D37: SnowRunner - 3 year anniversary | E37: 84.99 | F37: =E37*(1-G37) -> 50.994 | G37: 0.4
A38: 45729 | B38: 45734 | C38: Spring Sales | D38: SnowRunner - 4 year anniversary | E38: 104.99 | F38: =E38*(1-G38) -> 75.5928 | G38: 0.28
A39: 45729 | B39: 45734 | C39: Spring Sales | D39: Snowrunner all seasons except before 12 | E39: 6.99 | F39: =E39*(1-G39) -> 4.5435 | G39: 0.35
A40: 45729 | B40: 45734 | C40: Spring Sales | D40: Season 12 | E40: 11.99 | F40: =E40*(1-G40) -> 7.7935 | G40: 0.35 | H40: Jan. 2024
A41: 45729 | B41: 45734 | C41: Spring Sales | D41: Season 13 | E41: 6.99 | F41: =E41*(1-G41) -> 4.893 | G41: 0.3 | H41: 45444
A42: 45729 | B42: 45734 | C42: Spring Sales | D42: Season 14 | E42: 6.99 | F42: =E42*(1-G42) -> 5.2425 | G42: 0.25 | H42: 45536
A43: 45729 | B43: 45734 | C43: Spring Sales | D43: Snowrunner all Vehicules | E43: 3.99 | F43: =E43*(1-G43) -> 3.192 | G43: 0.2
A44: 45729 | B44: 45734 | C44: Spring Sales | D44: SnowRunner Year 1 Pass | E44: 24.99 | F44: =E44*(1-G44) -> 17.493 | G44: 0.3
A45: 45729 | B45: 45734 | C45: Spring Sales | D45: SnowRunner Year 2 Pass | E45: 24.99 | F45: =E45*(1-G45) -> 17.493 | G45: 0.3
A46: 45729 | B46: 45734 | C46: Spring Sales | D46: SnowRunner Year 3 Pass | E46: 24.99 | F46: =E46*(1-G46) -> 18.7425 | G46: 0.25
A47: 45729 | B47: 45734 | C47: Spring Sales | D47: SnowRunner Year 4 Pass | E47: 24.99 | F47: =E47*(1-G47) -> 24.99 | G47: 0
A49: 45757 | B49: 45771 | C49: Weekend Deal extended | D49: SnowRunner | E49: 29.99 | F49: =E49*(1-G49) -> 14.995 | G49: 0.5
A50: 45757 | B50: 45771 | C50: Weekend Deal extended | D50: SnowRunner - 1 year anniversary | E50: 39.99 | F50: =E50*(1-G50) -> 19.995 | G50: 0.5 | H50: =F50-F49 -> 5
A51: 45757 | B51: 45771 | C51: Weekend Deal extended | D51: SnowRunner - 2 year anniversary | E51: 64.77 | F51: =E51*(1-G51) -> 34.9758 | G51: 0.46 | H51: =F51-F50 -> 14.9808
A52: 45757 | B52: 45771 | C52: Weekend Deal extended | D52: SnowRunner - 3 year anniversary | E52: 84.99 | F52: =E52*(1-G52) -> 50.994 | G52: 0.4 | H52: =F52-F51 -> 16.0182
A53: 45757 | B53: 45771 | C53: Weekend Deal extended | D53: SnowRunner - 4 year anniversary | E53: 104.99 | F53: =E53*(1-G53) -> 75.5928 | G53: 0.28 | H53: =F53-F52 -> 24.5988
A54: 45757 | B54: 45771 | C54: Weekend Deal extended | D54: Snowrunner all seasons except before 12 | E54: 6.99 | F54: =E54*(1-G54) -> 4.5435 | G54: 0.35
A55: 45757 | B55: 45771 | C55: Weekend Deal extended | D55: Season 12 | E55: 11.99 | F55: =E55*(1-G55) -> 7.7935 | G55: 0.35 | H55: Jan. 2024
A56: 45757 | B56: 45771 | C56: Weekend Deal extended | D56: Season 13 | E56: 6.99 | F56: =E56*(1-G56) -> 4.893 | G56: 0.3 | H56: 45444
A57: 45757 | B57: 45771 | C57: Weekend Deal extended | D57: Season 14 | E57: 6.99 | F57: =E57*(1-G57) -> 5.2425 | G57: 0.25 | H57: 45536
A58: 45757 | B58: 45771 | C58: Weekend Deal extended | D58: Season 15 | E58: 6.99 | F58: =E58*(1-G58) -> 6.99 | G58: 0 | H58: 45717
A59: 45757 | B59: 45771 | C59: Weekend Deal extended | D59: Snowrunner all Vehicules | E59: 3.99 | F59: =E59*(1-G59) -> 3.192 | G59: 0.2
A60: 45757 | B60: 45771 | C60: Weekend Deal extended | D60: SnowRunner Year 1 Pass | E60: 24.99 | F60: =E60*(1-G60) -> 17.493 | G60: 0.3
A61: 45757 | B61: 45771 | C61: Weekend Deal extended | D61: SnowRunner Year 2 Pass | E61: 24.99 | F61: =E61*(1-G61) -> 17.493 | G61: 0.3
A62: 45757 | B62: 45771 | C62: Weekend Deal extended | D62: SnowRunner Year 3 Pass | E62: 24.99 | F62: =E62*(1-G62) -> 18.7425 | G62: 0.25
A63: 45757 | B63: 45771 | C63: Weekend Deal extended | D63: SnowRunner Year 4 Pass | E63: 24.99 | F63: =E63*(1-G63) -> 24.99 | G63: 0
A65: 45801 | B65: 45815 | C65: Custom Sales | D65: SnowRunner | E65: 29.99 | F65: =E65*(1-G65) -> 14.995 | G65: 0.5
A66: 45801 | B66: 45815 | C66: Custom Sales | D66: SnowRunner - 1 year anniversary | E66: 39.99 | F66: =E66*(1-G66) -> 19.995 | G66: 0.5
A67: 45801 | B67: 45815 | C67: Custom Sales | D67: SnowRunner - 2 year anniversary | E67: 64.77 | F67: =E67*(1-G67) -> 34.9758 | G67: 0.46
A68: 45801 | B68: 45815 | C68: Custom Sales | D68: SnowRunner - 3 year anniversary | E68: 84.99 | F68: =E68*(1-G68) -> 50.994 | G68: 0.4
A69: 45801 | B69: 45815 | C69: Custom Sales | D69: SnowRunner - 4 year anniversary | E69: 104.99 | F69: =E69*(1-G69) -> 75.5928 | G69: 0.28
A70: 45801 | B70: 45815 | C70: Custom Sales | D70: Snowrunner all seasons except before 12 | E70: 6.99 | F70: =E70*(1-G70) -> 4.5435 | G70: 0.35
A71: 45801 | B71: 45815 | C71: Custom Sales | D71: Season 12 | E71: 11.99 | F71: =E71*(1-G71) -> 7.7935 | G71: 0.35
... A87: 45834 | B87: 45848 | C87: Summer promo | D87: Season 12 | E87: 11.99 | F87: =E87*(1-G87) -> 7.7935 | G87: 0.35
A88: 45834 | B88: 45848 | C88: Summer promo | D88: Season 13 | E88: 6.99 | F88: =E88*(1-G88) -> 4.893 | G88: 0.3 | H88: 45444
A89: 45834 | B89: 45848 | C89: Summer promo | D89: Season 14 | E89: 6.99 | F89: =E89*(1-G89) -> 5.2425 | G89: 0.25 | H89: 45536
A90: 45834 | B90: 45848 | C90: Summer promo | D90: Season 15 | E90: 6.99 | F90: =E90*(1-G90) -> 6.99 | G90: 0 | H90: 45748
A91: 45834 | B91: 45848 | C91: Summer promo | D91: Snowrunner all Vehicules | E91: 3.99 | F91: =E91*(1-G91) -> 3.192 | G91: 0.2
A92: 45834 | B92: 45848 | C92: Summer promo | D92: SnowRunner Year 1 Pass | E92: 24.99 | F92: =E92*(1-G92) -> 17.493 | G92: 0.3
A93: 45834 | B93: 45848 | C93: Summer promo | D93: SnowRunner Year 2 Pass | E93: 24.99 | F93: =E93*(1-G93) -> 17.493 | G93: 0.3
A94: 45834 | B94: 45848 | C94: Summer promo | D94: SnowRunner Year 3 Pass | E94: 24.99 | F94: =E94*(1-G94) -> 18.7425 | G94: 0.25
A95: 45834 | B95: 45848 | C95: Summer promo | D95: SnowRunner Year 4 Pass | E95: 24.99 | F95: =E95*(1-G95) -> 24.99 | G95: 0
A97: 45855 | B97: 45869 | C97: Custom July | D97: SnowRunner | E97: 29.99 | F97: =E97*(1-G97) -> 14.995 | G97: 0.5
A98: 45855 | B98: 45869 | C98: Custom July | D98: SnowRunner - 1 year anniversary | E98: 39.99 | F98: =E98*(1-G98) -> 19.995 | G98: 0.5
A99: 45855 | B99: 45869 | C99: Custom July | D99: SnowRunner - 2 year anniversary | E99: 64.77 | F99: =E99*(1-G99) -> 34.9758 | G99: 0.46
A100: 45855 | B100: 45869 | C100: Custom July | D100: SnowRunner - 3 year anniversary | E100: 84.99 | F100: =E100*(1-G100) -> 50.994 | G100: 0.4
A101: 45855 | B101: 45869 | C101: Custom July | D101: SnowRunner - 4 year anniversary | E101: 104.99 | F101: =E101*(1-G101) -> 75.5928 | G101: 0.28
A102: 45855 | B102: 45869 | C102: Custom July | D102: Snowrunner all seasons except before 12 | E102: 6.99 | F102: =E102*(1-G102) -> 4.5435 | G102: 0.35
A103: 45855 | B103: 45869 | C103: Custom July | D103: Season 12 | E103: 11.99 | F103: =E103*(1-G103) -> 7.7935 | G103: 0.35
A104: 45855 | B104: 45869 | C104: Custom July | D104: Season 13 | E104: 6.99 | F104: =E104*(1-G104) -> 4.893 | G104: 0.3 | H104: 45444
A105: 45855 | B105: 45869 | C105: Custom July | D105: Season 14 | E105: 6.99 | F105: =E105*(1-G105) -> 5.2425 | G105: 0.25 | H105: 45536
A106: 45855 | B106: 45869 | C106: Custom July | D106: Season 15 | E106: 6.99 | F106: =E106*(1-G106) -> 5.592 | G106: 0.2 | H106: 45748
A107: 45855 | B107: 45869 | C107: Custom July | D107: Snowrunner all Vehicules | E107: 3.99 | F107: =E107*(1-G107) -> 3.192 | G107: 0.2
A108: 45855 | B108: 45869 | C108: Custom July | D108: SnowRunner Year 1 Pass | E108: 24.99 | F108: =E108*(1-G108) -> 17.493 | G108: 0.3
A109: 45855 | B109: 45869 | C109: Custom July | D109: SnowRunner Year 2 Pass | E109: 24.99 | F109: =E109*(1-G109) -> 17.493 | G109: 0.3
A110: 45855 | B110: 45869 | C110: Custom July | D110: SnowRunner Year 3 Pass | E110: 24.99 | F110: =E110*(1-G110) -> 18.7425 | G110: 0.25
A111: 45855 | B111: 45869 | C111: Custom July | D111: SnowRunner Year 4 Pass | E111: 24.99 | F111: =E111*(1-G111) -> 24.99 | G111: 0
A113: 45904 | B113: 45915 | C113: Publisher Sales | D113: SnowRunner | E113: 29.99 | F113: =E113*(1-G113) -> 14.995 | G113: 0.5
A114: 45904 | B114: 45915 | C114: Publisher Sales | D114: SnowRunner - 1 year anniversary | E114: 39.99 | F114: =E114*(1-G114) -> 19.995 | G114: 0.5
A115: 45904 | B115: 45915 | C115: Publisher Sales | D115: SnowRunner - 2 year anniversary | E115: 64.77 | F115: =E115*(1-G115) -> 34.9758 | G115: 0.46
A116: 45904 | B116: 45915 | C116: Publisher Sales | D116: SnowRunner - 3 year anniversary | E116: 84.99 | F116: =E116*(1-G116) -> 50.994 | G116: 0.4
A117: 45904 | B117: 45915 | C117: Publisher Sales | D117: SnowRunner - 4 year anniversary | E117: 104.99 | F117: =E117*(1-G117) -> 75.5928 | G117: 0.28
A118: 45904 | B118: 45915 | C118: Publisher Sales | D118: SnowRunner - 5 year anniversary | E118: 123.95 | F118: =E118*(1-G118) -> 123.95 | G118: 0
A119: 45904 | B119: 45915 | C119: Publisher Sales | D119: Snowrunner all seasons except before 12 | E119: 6.99 | F119: =E119*(1-G119) -> 4.5435 | G119: 0.35
A120: 45904 | B120: 45915 | C120: Publisher Sales | D120: Season 12 | E120: 11.99 | F120: =E120*(1-G120) -> 7.7935 | G120: 0.35
A121: 45904 | B121: 45915 | C121: Publisher Sales | D121: Season 13 | E121: 6.99 | F121: =E121*(1-G121) -> 4.893 | G121: 0.3 | H121: 45444
...

Sheet Expe 2025
A1: 2025
A2: Start Date | B2: End Date | C2: Program | D2: Content Name | E2: Current SRP ($USD) | F2: Promo SRP ($USD) | G2: Discount %
A3: STEAM
A4: 45715 | B4: 45729 | C4: Custom Deal January | D4: Expeditions Base Game | E4: 39.99 | F4: =E4*(1-G4) -> 23.994 | G4: 0.4
A5: 45715 | B5: 45729 | C5: Custom Deal January | D5: Expeditions Year 1 Edition | E5: 59.99 | F5: =E5*(1-G5) -> 35.994 | G5: 0.4
A6: 45715 | B6: 45729 | C6: Custom Deal January | D6: Expeditions Supreme Edition | E6: 69.99 | F6: =E6*(1-G6) -> 39.8943 | G6: 0.43
A7: 45715 | B7: 45729 | C7: Custom Deal January | D7: Expeditions Year 1 pass | E7: 29.99 | F7: =E7*(1-G7) -> 22.4925 | G7: 0.25
A8: 45715 | B8: 45729 | C8: Custom Deal January | D8: Expeditions Pioneer pack | E8: 11.99 | F8: =E8*(1-G8) -> 8.9925 | G8: 0.25
A9: 45715 | B9: 45729 | C9: Custom Deal January | D9: Expeditions the Great Don 71 | E9: 2.99 | F9: =E9*(1-G9) -> 2.392 | G9: 0.2
A10: 45715 | B10: 45729 | C10: Custom Deal January | D10: Expeditions cotto canyon | E10: 2.99 | F10: =E10*(1-G10) -> 2.392 | G10: 0.2
A11: 45715 | B11: 45729 | C11: Custom Deal January | D11: Saison 1 | E11: 6.99 | F11: =E11*(1-G11) -> 5.2425 | G11: 0.25
A14: 45729 | B14: 45734 | C14: Spring Sales | D14: Expeditions Base Game | E14: 39.99 | F14: =E14*(1-G14) -> 23.994 | G14: 0.4
A15: 45729 | B15: 45734 | C15: Spring Sales | D15: Expeditions Year 1 Edition | E15: 59.99 | F15: =E15*(1-G15) -> 35.994 | G15: 0.4
A16: 45729 | B16: 45734 | C16: Spring Sales | D16: Expeditions Supreme Edition | E16: 69.99 | F16: =E16*(1-G16) -> 39.8943 | G16: 0.43
A17: 45729 | B17: 45734 | C17: Spring Sales | D17: Expeditions Year 1 pass | E17: 29.99 | F17: =E17*(1-G17) -> 22.4925 | G17: 0.25
... A31: 45759 | B31: 45766 | C31: Custom Sales | D31: Saison 1 | E31: 6.99 | F31: =E31*(1-G31) -> 5.2425 | G31: 0.25
A32: 45759 | B32: 45766 | C32: Custom Sales | D32: Saison 2 | E32: 6.99 | F32: =E32*(1-G32) -> 6.99 | G32: 0 | H32: février
A34: 45796 | B34: 45810 | C34: Custom Sales | D34: Expeditions Base Game | E34: 39.99 | F34: =E34*(1-G34) -> 23.994 | G34: 0.4
A35: 45796 | B35: 45810 | C35: Custom Sales | D35: Expeditions Year 1 Edition | E35: 59.99 | F35: =E35*(1-G35) -> 35.994 | G35: 0.4
A36: 45796 | B36: 45810 | C36: Custom Sales | D36: Expeditions Supreme Edition | E36: 69.99 | F36: =E36*(1-G36) -> 39.8943 | G36: 0.43
A37: 45796 | B37: 45810 | C37: Custom Sales | D37: Expeditions Year 1 pass | E37: 29.99 | F37: =E37*(1-G37) -> 22.4925 | G37: 0.25
A38: 45796 | B38: 45810 | C38: Custom Sales | D38: Expeditions Pioneer pack | E38: 11.99 | F38: =E38*(1-G38) -> 8.9925 | G38: 0.25
A39: 45796 | B39: 45810 | C39: Custom Sales | D39: Expeditions the Great Don 71 | E39: 2.99 | F39: =E39*(1-G39) -> 2.392 | G39: 0.2
A40: 45796 | B40: 45810 | C40: Custom Sales | D40: Expeditions cotto canyon | E40: 2.99 | F40: =E40*(1-G40) -> 2.392 | G40: 0.2
A41: 45796 | B41: 45810 | C41: Custom Sales | D41: Saison 1 | E41: 6.99 | F41: =E41*(1-G41) -> 5.2425 | G41: 0.25
A42: 45796 | B42: 45810 | C42: Custom Sales | D42: Saison 2 | E42: 6.99 | F42: =E42*(1-G42) -> 5.592 | G42: 0.2 | H42: février
A44: 45834 | B44: 45848 | C44: Summer promo | D44: Expeditions Base Game | E44: 39.99 | F44: =E44*(1-G44) -> 19.995 | G44: 0.5
A45: 45834 | B45: 45848 | C45: Summer promo | D45: Expeditions Year 1 Edition | E45: 59.99 | F45: =E45*(1-G45) -> 29.995 | G45: 0.5
A46: 45834 | B46: 45848 | C46: Summer promo | D46: Expeditions Supreme Edition | E46: 69.99 | F46: =E46*(1-G46) -> 34.995 | G46: 0.5
A47: 45834 | B47: 45848 | C47: Summer promo | D47: Expeditions Year 1 pass | E47: 29.99 | F47: =E47*(1-G47) -> 22.4925 | G47: 0.25
A48: 45834 | B48: 45848 | C48: Summer promo | D48: Expeditions Pioneer pack | E48: 11.99 | F48: =E48*(1-G48) -> 8.9925 | G48: 0.25
A49: 45834 | B49: 45848 | C49: Summer promo | D49: Expeditions the Great Don 71 | E49: 2.99 | F49: =E49*(1-G49) -> 2.392 | G49: 0.2
A50: 45834 | B50: 45848 | C50: Summer promo | D50: Expeditions cotto canyon | E50: 2.99 | F50: =E50*(1-G50) -> 2.392 | G50: 0.2
A51: 45834 | B51: 45848 | C51: Summer promo | D51: Saison 1 | E51: 6.99 | F51: =E51*(1-G51) -> 5.2425 | G51: 0.25
A52: 45834 | B52: 45848 | C52: Summer promo | D52: Saison 2 | E52: 6.99 | F52: =E52*(1-G52) -> 5.592 | G52: 0.2 | H52: février
A54: 45848 | B54: 45862 | C54: Custom July | D54: Expeditions Base Game | E54: 39.99 | F54: =E54*(1-G54) -> 19.995 | G54: 0.5
A55: 45848 | B55: 45862 | C55: Custom July | D55: Expeditions Year 1 Edition | E55: 59.99 | F55: =E55*(1-G55) -> 29.995 | G55: 0.5
A56: 45848 | B56: 45862 | C56: Custom July | D56: Expeditions Supreme Edition | E56: 69.99 | F56: =E56*(1-G56) -> 34.995 | G56: 0.5
A57: 45848 | B57: 45862 | C57: Custom July | D57: Expeditions Year 1 pass | E57: 29.99 | F57: =E57*(1-G57) -> 22.4925 | G57: 0.25
A58: 45848 | B58: 45862 | C58: Custom July | D58: Expeditions Pioneer pack | E58: 11.99 | F58: =E58*(1-G58) -> 8.9925 | G58: 0.25
A59: 45848 | B59: 45862 | C59: Custom July | D59: Expeditions the Great Don 71 | E59: 2.99 | F59: =E59*(1-G59) -> 2.392 | G59: 0.2
A60: 45848 | B60: 45862 | C60: Custom July | D60: Expeditions cotto canyon | E60: 2.99 | F60: =E60*(1-G60) -> 2.392 | G60: 0.2
A61: 45848 | B61: 45862 | C61: Custom July | D61: Saison 1 | E61: 6.99 | F61: =E61*(1-G61) -> 5.2425 | G61: 0.25
A62: 45848 | B62: 45862 | C62: Custom July | D62: Saison 2 | E62: 6.99 | F62: =E62*(1-G62) -> 5.592 | G62: 0.2 | H62: février
A63: 45848 | B63: 45862 | C63: Custom July | D63: Saison 3 | E63: 6.99 | F63: =E63*(1-G63) -> 6.99 | G63: 0 | H63: July
A65: 45904 | B65: 45915 | C65: Publisher Sales | D65: Expeditions Base Game | E65: 39.99 | F65: =E65*(1-G65) -> 19.995 | G65: 0.5
A66: 45904 | B66: 45915 | C66: Publisher Sales | D66: Expeditions Year 1 Edition | E66: 59.99 | F66: =E66*(1-G66) -> 29.995 | G66: 0.5
A67: 45904 | B67: 45915 | C67: Publisher Sales | D67: Expeditions Supreme Edition | E67: 69.99 | F67: =E67*(1-G67) -> 34.995 | G67: 0.5
A68: 45904 | B68: 45915 | C68: Publisher Sales | D68: Expeditions Year 1 pass | E68: 29.99 | F68: =E68*(1-G68) -> 22.4925 | G68: 0.25
A69: 45904 | B69: 45915 | C69: Publisher Sales | D69: Expeditions Pioneer pack | E69: 11.99 | F69: =E69*(1-G69) -> 8.9925 | G69: 0.25
A70: 45904 | B70: 45915 | C70: Publisher Sales | D70: Expeditions the Great Don 71 | E70: 2.99 | F70: =E70*(1-G70) -> 2.392 | G70: 0.2
A71: 45904 | B71: 45915 | C71: Publisher Sales | D71: Expeditions cotto canyon | E71: 2.99 | F71: =E71*(1-G71) -> 2.392 | G71: 0.2
A72: 45904 | B72: 45915 | C72: Publisher Sales | D72: Saison 1 | E72: 6.99 | F72: =E72*(1-G72) -> 5.2425 | G72: 0.25
A73: 45904 | B73: 45915 | C73: Publisher Sales | D73: Saison 2 | E73: 6.99 | F73: =E73*(1-G73) -> 5.592 | G73: 0.2 | H73: février
A74: 45904 | B74: 45915 | C74: Publisher Sales | D74: Saison 3 | E74: 6.99 | F74: =E74*(1-G74) -> 5.592 | G74: 0.2 | H74: July
A76: 45929 | B76: 45936 | C76: Autumn Sales | D76: Expeditions Base Game | E76: 39.99 | F76: =E76*(1-G76) -> 19.995 | G76: 0.5
A77: 45929 | B77: 45936 | C77: Autumn Sales | D77: Expeditions Year 1 Edition | E77: 59.99 | F77: =E77*(1-G77) -> 29.995 | G77: 0.5
A78: 45929 | B78: 45936 | C78: Autumn Sales | D78: Expeditions Supreme Edition | E78: 69.99 | F78: =E78*(1-G78) -> 34.995 | G78: 0.5
A79: 45929 | B79: 45936 | C79: Autumn Sales | D79: Expeditions Year 1 pass | E79: 29.99 | F79: =E79*(1-G79) -> 22.4925 | G79: 0.25
A80: 45929 | B80: 45936 | C80: Autumn Sales | D80: Expeditions Pioneer pack | E80: 11.99 | F80: =E80*(1-G80) -> 8.9925 | G80: 0.25
A81: 45929 | B81: 45936 | C81: Autumn Sales | D81: Expeditions the Great Don 71 | E81: 2.99 | F81: =E81*(1-G81) -> 2.392 | G81: 0.2
A82: 45929 | B82: 45936 | C82: Autumn Sales | D82: Expeditions cotto canyon | E82: 2.99 | F82: =E82*(1-G82) -> 2.392 | G82: 0.2
A83: 45929 | B83: 45936 | C83: Autumn Sales | D83: Saison 1 | E83: 6.99 | F83: =E83*(1-G83) -> 5.2425 | G83: 0.25
A84: 45929 | B84: 45936 | C84: Autumn Sales | D84: Saison 2 | E84: 6.99 | F84: =E84*(1-G84) -> 5.592 | G84: 0.2 | H84: février
A85: 45929 | B85: 45936 | C85: Autumn Sales | D85: Saison 3 | E85: 6.99 | F85: =E85*(1-G85) -> 5.592 | G85: 0.2 | H85: July
A87: 46350 | B87: 46357 | C87: Black Friday | D87: Expeditions Base Game | E87: 39.99 | F87: =E87*(1-G87) -> 17.9955 | G87: 0.55
A88: 46350 | B88: 46357 | C88: Black Friday | D88: Expeditions Year 1 Edition | E88: 59.99 | F88: =E88*(1-G88) -> 26.9955 | G88: 0.55
A89: 46350 | B89: 46357 | C89: Black Friday | D89: Expeditions Supreme Edition | E89: 69.99 | F89: =E89*(1-G89) -> 31.4955 | G89: 0.55
A90: 46350 | B90: 46357 | C90: Black Friday | D90: Expeditions Year 1 pass | E90: 29.99 | F90: =E90*(1-G90) -> 22.4925 | G90: 0.25
A91: 46350 | B91: 46357 | C91: Black Friday | D91: Expeditions Pioneer pack | E91: 11.99 | F91: =E91*(1-G91) -> 8.9925 | G91: 0.25
A92: 46350 | B92: 46357 | C92: Black Friday | D92: Expeditions the Great Don 71 | E92: 2.99 | F92: =E92*(1-G92) -> 2.392 | G92: 0.2
A93: 46350 | B93: 46357 | C93: Black Friday | D93: Expeditions cotto canyon | E93: 2.99 | F93: =E93*(1-G93) -> 2.392 | G93: 0.2
A94: 46350 | B94: 46357 | C94: Black Friday | D94: Saison 1 | E94: 6.99 | F94: =E94*(1-G94) -> 5.2425 | G94: 0.25
A95: 46350 | B95: 46357 | C95: Black Friday | D95: Saison 2 | E95: 6.99 | F95: =E95*(1-G95) -> 5.592 | G95: 0.2
A96: 46350 | B96: 46357 | C96: Black Friday | D96: Saison 3 | E96: 6.99 | F96: =E96*(1-G96) -> 5.592 | G96: 0.2
A97: 46350 | B97: 46357 | C97: Black Friday | D97: Saison 4 | E97: 6.99 | F97: =E97*(1-G97) -> 6.99 | G97: 0
A100: 46374 | B100: 46027 | C100: Winter Sales | D100: Expeditions Base Game | E100: 39.99 | F100: =E100*(1-G100) -> 17.9955 | G100: 0.55
... A110: 46374 | B110: 46027 | C110: Winter Sales | D110: Saison 4 | E110: 6.99 | F110: =E110*(1-G110) -> 6.99 | G110: 0
A116: MICROSOFT
A117: 45671 | B117: 45684 | C117: Publisher Spotlight Series | D117: Expeditions: A MudRunner Game | E117: $49,99 | F117: $32,49 | G117: 0.35
A118: 45671 | B118: 45684 | C118: Publisher Spotlight Series | D118: Expeditions: A MudRunner Game | E118: $39,99 | F118: $29,99 | G118: 0.35
A119: 45681 | B119: 45694 | C119: Lunar New Year Sale | D119: Expeditions: A MudRunner Game - Supreme Edition | E119: $79,99 | F119: $51,99 | G119: 0.35
A120: 45681 | B120: 45694 | C120: Lunar New Year Sale | D120: Expeditions: A MudRunner Game - Supreme Edition | E120: $69,99 | F120: $48,99 | G120: 0.35
A121: 45692 | B121: 45698 | C121: Deals With Game Pass Ultimate and Core | D121: Expeditions: A MudRunner Game - Year 1 Edition | E121: $69,99 | F121: $45,49 | G121: 0.35
A122: 45692 | B122: 45698 | C122: Deals With Game Pass Ultimate and Core | D122: Expeditions: A MudRunner Game - Year 1 Edition | E122: $59,99 | F122: $41,99 | G122: 0.35
A123: 45713 | B123: 45719 | C123: Deals With Game Pass Ultimate and Core | D123: Expeditions: A MudRunner Game | E123: $49,99 | F123: $32,49 | G123: 0.35
A124: 45713 | B124: 45719 | C124: Deals With Game Pass Ultimate and Core | D124: Expeditions: A MudRunner Game | E124: $39,99 | F124: $29,99 | G124: 0.35
A125: 45727 | B125: 45733 | C125: Deals With Game Pass Ultimate and Core | D125: Expeditions: A MudRunner Game - Year 1 Edition | E125: $69,99 | F125: $45,49 | G125: 0.35
A126: 45727 | B126: 45733 | C126: Deals With Game Pass Ultimate and Core | D126: Expeditions: A MudRunner Game - Year 1 Edition | E126: $59,99 | F126: $41,99 | G126: 0.35
A127: 45734 | B127: 45740 | C127: Deals With Game Pass Ultimate and Core | D127: Expeditions: A MudRunner Game - Supreme Edition | E127: $79,99 | F127: $51,99 | G127: 0.35
A128: 45734 | B128: 45740 | C128: Deals With Game Pass Ultimate and Core | D128: Expeditions: A MudRunner Game - Supreme Edition | E128: $69,99 | F128: $48,99 | G128: 0.35
... A170: 46374 | B170: 46029 | C170: Countdown Sale | D170: Expeditions: A MudRunner Game | E170: $39,99 | F170: $20,00 | G170: 0.5
A172: SONY
A173: 45686 | B173: 45700 | C173: Critic's Choice | D173: Expeditions: A MudRunner Game | E173: 39.99 | F173: =E173*(1-G173) -> 25.9935 | G173: 0.35
D174: Expeditions: A MudRunner Game - Supreme Edition | E174: 79.99 | F174: =E174*(1-G174) -> 51.9935 | G174: 0.35
A175: 45700 | B175: 45714 | C175: Planet of the Discounts | D175: Expeditions: A MudRunner Game - Year 1 Edition | E175: 69.99 | F175: =E175*(1-G175) -> 45.4935 | G175: 0.35
A176: 45716 | B176: 45719 | C176: WE Offer Feb | D176: Expeditions: A MudRunner Game | E176: 39.99 | F176: =E176*(1-G176) -> 25.9935 | G176: 0.35
D177: Expeditions: A MudRunner Game - Supreme Edition | E177: 79.99 | F177: =E177*(1-G177) -> 51.9935 | G177: 0.35
A178: 45730 | B178: 45733 | C178: WE Offer Mar | D178: Expeditions: A MudRunner Game - Year 1 Edition | E178: 69.99 | F178: =E178*(1-G178) -> 45.4935 | G178: 0.35
A179: 45742 | B179: 45757 | C179: Spring Sale (Part 1) | D179: Expeditions: A MudRunner Game | E179: 39.99 | F179: =E179*(1-G179) -> 25.9935 | G179: 0.35
...

Sheet ISS 2025
A1: 2025
A2: Start Date | B2: End Date | C2: Program | D2: Content Name | E2: Current SRP ($USD) | F2: Promo SRP ($USD) | G2: Discount %
A3: STEAM
A4: 45698 | B4: 45712 | C4: Custom Games from Quebec | D4: Insurgency Sandstorm | E4: 29.99 | F4: =E4*(1-G4) -> 9.8967 | G4: 0.67
A5: 45698 | B5: 45712 | C5: Custom Games from Quebec | D5: Insurgency Sandstorm Deluxe Edition | E5: 39.99 | F5: =E5*(1-G5) -> 13.9965 | G5: 0.65
A6: 45698 | B6: 45712 | C6: Custom Games from Quebec | D6: Insurgency Sandstorm Gold Edition | E6: 59.99 | F6: =E6*(1-G6) -> 17.997 | G6: 0.7
A7: 45698 | B7: 45712 | C7: Custom Games from Quebec | D7: Insurgency Sandstorm Ultimate Edition | E7: 69.99 | F7: =E7*(1-G7) -> 34.995 | G7: 0.5
A8: 45698 | B8: 45712 | C8: Custom Games from Quebec | D8: Insurgency Sandstorm Year Pass 1 | E8: 24.99 | F8: =E8*(1-G8) -> 12.495 | G8: 0.5
A9: 45698 | B9: 45712 | C9: Custom Games from Quebec | D9: Insurgency Sandstorm Year Pass 2 | E9: 29.99 | F9: =E9*(1-G9) -> 14.995 | G9: 0.5
A10: 45698 | B10: 45712 | C10: Custom Games from Quebec | D10: Insurgency Sandstorm Year Pass 3 | E10: 34.99 | F10: =E10*(1-G10) -> 24.493 | G10: 0.3
A11: 45698 | B11: 45712 | C11: Custom Games from Quebec | D11: Insurgency Sandstorm Year Pass 1 + 2 | E11: 44.99 | F11: =E11*(1-G11) -> 22.495 | G11: 0.5
A12: 45698 | B12: 45712 | C12: Custom Games from Quebec | D12: Insurgency Sandstorm Year Pass 1 + 2+3 | E12: 59.99 | F12: =E12*(1-G12) -> 41.993 | G12: 0.3
A14: 45729 | B14: 45734 | C14: Spring Sales | D14: Insurgency Sandstorm | E14: 29.99 | F14: =E14*(1-G14) -> 9.8967 | G14: 0.67
A15: 45729 | B15: 45734 | C15: Spring Sales | D15: Insurgency Sandstorm Deluxe Edition | E15: 39.99 | F15: =E15*(1-G15) -> 13.9965 | G15: 0.65
A16: 45729 | B16: 45734 | C16: Spring Sales | D16: Insurgency Sandstorm Gold Edition | E16: 59.99 | F16: =E16*(1-G16) -> 17.997 | G16: 0.7
... A22: 45729 | B22: 45734 | C22: Spring Sales | D22: Insurgency Sandstorm Year Pass 1 + 2+3 | E22: 59.99 | F22: =E22*(1-G22) -> 41.993 | G22: 0.3
A24: 12 /04 | B24: 45773 | C24: Custom Deal | D24: Insurgency Sandstorm | E24: 29.99 | F24: =E24*(1-G24) -> 9.8967 | G24: 0.67
A25: 12 /04 | B25: 45773 | C25: Custom Deal | D25: Insurgency Sandstorm Deluxe Edition | E25: 39.99 | F25: =E25*(1-G25) -> 13.9965 | G25: 0.65
A26: 12 /04 | B26: 45773 | C26: Custom Deal | D26: Insurgency Sandstorm Gold Edition | E26: 59.99 | F26: =E26*(1-G26) -> 17.997 | G26: 0.7
A27: 12 /04 | B27: 45773 | C27: Custom Deal | D27: Insurgency Sandstorm Ultimate Edition | E27: 69.99 | F27: =E27*(1-G27) -> 34.995 | G27: 0.5
A28: 12 /04 | B28: 45773 | C28: Custom Deal | D28: Insurgency Sandstorm Year Pass 1 | E28: 24.99 | F28: =E28*(1-G28) -> 12.495 | G28: 0.5
A29: 12 /04 | B29: 45773 | C29: Custom Deal | D29: Insurgency Sandstorm Year Pass 2 | E29: 29.99 | F29: =E29*(1-G29) -> 14.995 | G29: 0.5
A30: 12 /04 | B30: 45773 | C30: Custom Deal | D30: Insurgency Sandstorm Year Pass 3 | E30: 34.99 | F30: =E30*(1-G30) -> 24.493 | G30: 0.3
A31: 12 /04 | B31: 45773 | C31: Custom Deal | D31: Insurgency Sandstorm Year Pass 1 + 2 | E31: 44.99 | F31: =E31*(1-G31) -> 22.495 | G31: 0.5
A32: 12 /04 | B32: 45773 | C32: Custom Deal | D32: Insurgency Sandstorm Year Pass 1 + 2+3 | E32: 59.99 | F32: =E32*(1-G32) -> 41.993 | G32: 0.3
A34: 45803 | B34: 45817 | C34: Midweek madness extended | D34: Insurgency Sandstorm | E34: 29.99 | F34: =E34*(1-G34) -> 9.8967 | G34: 0.67
A35: 45803 | B35: 45817 | C35: Midweek madness extended | D35: Insurgency Sandstorm Deluxe Edition | E35: 39.99 | F35: =E35*(1-G35) -> 13.9965 | G35: 0.65
A36: 45803 | B36: 45817 | C36: Midweek madness extended | D36: Insurgency Sandstorm Gold Edition | E36: 59.99 | F36: =E36*(1-G36) -> 17.997 | G36: 0.7
A37: 45803 | B37: 45817 | C37: Midweek madness extended | D37: Insurgency Sandstorm Ultimate Edition | E37: 69.99 | F37: =E37*(1-G37) -> 34.995 | G37: 0.5
A38: 45803 | B38: 45817 | C38: Midweek madness extended | D38: Insurgency Sandstorm Year Pass 1 | E38: 24.99 | F38: =E38*(1-G38) -> 12.495 | G38: 0.5
A39: 45803 | B39: 45817 | C39: Midweek madness extended | D39: Insurgency Sandstorm Year Pass 2 | E39: 29.99 | F39: =E39*(1-G39) -> 14.995 | G39: 0.5
A40: 45803 | B40: 45817 | C40: Midweek madness extended | D40: Insurgency Sandstorm Year Pass 3 | E40: 34.99 | F40: =E40*(1-G40) -> 24.493 | G40: 0.3
A41: 45803 | B41: 45817 | C41: Midweek madness extended | D41: Insurgency Sandstorm Year Pass 1 + 2 | E41: 44.99 | F41: =E41*(1-G41) -> 22.495 | G41: 0.5
A42: 45803 | B42: 45817 | C42: Midweek madness extended | D42: Insurgency Sandstorm Year Pass 1 + 2+3 | E42: 59.99 | F42: =E42*(1-G42) -> 41.993 | G42: 0.3
A44: 45834 | B44: 45848 | C44: Summer promo | D44: Insurgency Sandstorm | E44: 29.99 | F44: =E44*(1-G44) -> 9.8967 | G44: 0.67
A45: 45834 | B45: 45848 | C45: Summer promo | D45: Insurgency Sandstorm Deluxe Edition | E45: 39.99 | F45: =E45*(1-G45) -> 13.9965 | G45: 0.65 | H45: =F45-F44 -> 4.0998
A46: 45834 | B46: 45848 | C46: Summer promo | D46: Insurgency Sandstorm Gold Edition | E46: 59.99 | F46: =E46*(1-G46) -> 17.997 | G46: 0.7
A47: 45834 | B47: 45848 | C47: Summer promo | D47: Insurgency Sandstorm Ultimate Edition | E47: 69.99 | F47: =E47*(1-G47) -> 34.995 | G47: 0.5
A48: 45834 | B48: 45848 | C48: Summer promo | D48: Insurgency Sandstorm Year Pass 1 | E48: 24.99 | F48: =E48*(1-G48) -> 12.495 | G48: 0.5
A49: 45834 | B49: 45848 | C49: Summer promo | D49: Insurgency Sandstorm Year Pass 2 | E49: 29.99 | F49: =E49*(1-G49) -> 14.995 | G49: 0.5
A50: 45834 | B50: 45848 | C50: Summer promo | D50: Insurgency Sandstorm Year Pass 3 | E50: 34.99 | F50: =E50*(1-G50) -> 24.493 | G50: 0.3
A51: 45834 | B51: 45848 | C51: Summer promo | D51: Insurgency Sandstorm Year Pass 1 + 2 | E51: 44.99 | F51: =E51*(1-G51) -> 22.495 | G51: 0.5
A52: 45834 | B52: 45848 | C52: Summer promo | D52: Insurgency Sandstorm Year Pass 1 + 2+3 | E52: 59.99 | F52: =E52*(1-G52) -> 41.993 | G52: 0.3
A54: 45855 | B54: 45869 | C54: Custom July | D54: Insurgency Sandstorm | E54: 29.99 | F54: =E54*(1-G54) -> 9.8967 | G54: 0.67
A55: 45855 | B55: 45869 | C55: Custom July | D55: Insurgency Sandstorm Deluxe Edition | E55: 39.99 | F55: =E55*(1-G55) -> 12.7968 | G55: 0.68 | H55: =F55-F54 -> 2.9001
A56: 45855 | B56: 45869 | C56: Custom July | D56: Insurgency Sandstorm Gold Edition | E56: 59.99 | F56: =E56*(1-G56) -> 17.997 | G56: 0.7
A57: 45855 | B57: 45869 | C57: Custom July | D57: Insurgency Sandstorm Ultimate Edition | E57: 69.99 | F57: =E57*(1-G57) -> 34.995 | G57: 0.5
A58: 45855 | B58: 45869 | C58: Custom July | D58: Insurgency Sandstorm Year Pass 1 | E58: 24.99 | F58: =E58*(1-G58) -> 12.495 | G58: 0.5
A59: 45855 | B59: 45869 | C59: Custom July | D59: Insurgency Sandstorm Year Pass 2 | E59: 29.99 | F59: =E59*(1-G59) -> 14.995 | G59: 0.5
A60: 45855 | B60: 45869 | C60: Custom July | D60: Insurgency Sandstorm Year Pass 3 | E60: 34.99 | F60: =E60*(1-G60) -> 24.493 | G60: 0.3
A61: 45855 | B61: 45869 | C61: Custom July | D61: Insurgency Sandstorm Year Pass 1 + 2 | E61: 44.99 | F61: =E61*(1-G61) -> 22.495 | G61: 0.5
A62: 45855 | B62: 45869 | C62: Custom July | D62: Insurgency Sandstorm Year Pass 1 + 2+3 | E62: 59.99 | F62: =E62*(1-G62) -> 41.993 | G62: 0.3
A64: 45904 | B64: 45915 | C64: Publisher Sales | D64: Insurgency Sandstorm | E64: 29.99 | F64: =E64*(1-G64) -> 8.997 | G64: 0.7
A65: 45904 | B65: 45915 | C65: Publisher Sales | D65: Insurgency Sandstorm Deluxe Edition | E65: 39.99 | F65: =E65*(1-G65) -> 11.997 | G65: 0.7 | H65: =F65-F64 -> 3
A66: 45904 | B66: 45915 | C66: Publisher Sales | D66: Insurgency Sandstorm Gold Edition | E66: 59.99 | F66: =E66*(1-G66) -> 17.997 | G66: 0.7
A67: 45904 | B67: 45915 | C67: Publisher Sales | D67: Insurgency Sandstorm Ultimate Edition | E67: 69.99 | F67: =E67*(1-G67) -> 34.995 | G67: 0.5
A68: 45904 | B68: 45915 | C68: Publisher Sales | D68: Insurgency Sandstorm Year Pass 1 | E68: 24.99 | F68: =E68*(1-G68) -> 12.495 | G68: 0.5
A69: 45904 | B69: 45915 | C69: Publisher Sales | D69: Insurgency Sandstorm Year Pass 2 | E69: 29.99 | F69: =E69*(1-G69) -> 14.995 | G69: 0.5
A70: 45904 | B70: 45915 | C70: Publisher Sales | D70: Insurgency Sandstorm Year Pass 3 | E70: 34.99 | F70: =E70*(1-G70) -> 24.493 | G70: 0.3
A71: 45904 | B71: 45915 | C71: Publisher Sales | D71: Insurgency Sandstorm Year Pass 1 + 2 | E71: 44.99 | F71: =E71*(1-G71) -> 22.495 | G71: 0.5
A72: 45904 | B72: 45915 | C72: Publisher Sales | D72: Insurgency Sandstorm Year Pass 1 + 2+3 | E72: 59.99 | F72: =E72*(1-G72) -> 41.993 | G72: 0.3
A74: 45929 | B74: 45936 | C74: Autumn Sales | D74: Insurgency Sandstorm | E74: 29.99 | F74: =E74*(1-G74) -> 8.997 | G74: 0.7
A75: 45929 | B75: 45936 | C75: Autumn Sales | D75: Insurgency Sandstorm Deluxe Edition | E75: 39.99 | F75: =E75*(1-G75) -> 11.997 | G75: 0.7
A76: 45929 | B76: 45936 | C76: Autumn Sales | D76: Insurgency Sandstorm Gold Edition | E76: 59.99 | F76: =E76*(1-G76) -> 17.997 | G76: 0.7
A77: 45929 | B77: 45936 | C77: Autumn Sales | D77: Insurgency Sandstorm Ultimate Edition | E77: 69.99 | F77: =E77*(1-G77) -> 34.995 | G77: 0.5
A78: 45929 | B78: 45936 | C78: Autumn Sales | D78: Insurgency Sandstorm Year Pass 1 | E78: 24.99 | F78: =E78*(1-G78) -> 12.495 | G78: 0.5
... A118: 46374 | B118: 46027 | C118: Winter Sales | D118: Insurgency Sandstorm Year Pass 1 + 2+3+4 | E118: 59.99 | F118: =E118*(1-G118) -> 44.9925 | G118: 0.25
A121: MICROSOFT
A122: 45660 | B122: 45670 | C122: Last Chance Sale | D122: Insurgency Sandstorm | E122: $39,99 | F122: $16,00 | G122: 0.6
A123: 45660 | B123: 45670 | C123: Last Chance Sale | D123: Insurgency Sandstorm | E123: $29,99 | F123: $9,90 | G123: 0.67
A124: 45671 | B124: 45684 | C124: Publisher Spotlight Series | D124: Insurgency Sandstorm Ultimate Edition | E124: $79,99 | F124: $43,99 | G124: 0.45
A125: 45671 | B125: 45684 | C125: Publisher Spotlight Series | D125: Insurgency Sandstorm Ultimate Edition | E125: $69,99 | F125: $35,00 | G125: 0.5
A126: 45671 | B126: 45684 | C126: Publisher Spotlight Series | D126: Insurgency: Sandstorm - Year 1 Pass | E126: $24,99 | F126: $12,50 | G126: 0.5
A127: 45671 | B127: 45684 | C127: Publisher Spotlight Series | D127: Insurgency: Sandstorm - Year 2 Pass | E127: $29,99 | F127: $15,00 | G127: 0.5
A128: 45671 | B128: 45684 | C128: Publisher Spotlight Series | D128: Insurgency: Sandstorm - Year 3 Pass | E128: $34,99 | F128: $27,99 | G128: 0.2
A129: 45681 | B129: 45694 | C129: Lunar New Year Sale | D129: Insurgency: Sandstorm - Year 1+2 Bundle | E129: $44,99 | F129: $22,50 | G129: 0.5
A130: 45692 | B130: 45698 | C130: Deals With Game Pass Ultimate and Core | D130: Insurgency Sandstorm Deluxe Edition | E130: $49,99 | F130: $22,50 | G130: 0.55
A131: 45692 | B131: 45698 | C131: Deals With Game Pass Ultimate and Core | D131: Insurgency Sandstorm Deluxe Edition | E131: $39,99 | F131: $14,00 | G131: 0.65
A132: 45699 | B132: 45705 | C132: Deals With Game Pass Ultimate and Core | D132: Insurgency Sandstorm Gold Edition | E132: $59,99 | F132: $27,00 | G132: 0.55
A133: 45699 | B133: 45705 | C133: Deals With Game Pass Ultimate and Core | D133: Insurgency Sandstorm Gold Edition | E133: $49,99 | F133: $17,50 | G133: 0.65
... A224: 46374 | B224: 46029 | C224: Countdown Sale | D224: Insurgency Sandstorm | E224: $29,99 | F224: $9,00 | G224: 0.7
A226: SONY
A227: 45686 | B227: 45700 | C227: Critic's Choice | D227: Insurgency: Sandstorm | E227: 39.99 | F227: =IFERROR(E227*(1-G227),"-") -> 15.996 | G227: 0.6
D228: Insurgency: Sandstorm - Gold Edition | E228: 69.99 | F228: =IFERROR(E228*(1-G228),"-") -> 27.996 | G228: 0.6
D229: Insurgency: Sandstorm - Y1 and Y2 Passes | E229: - | F229: =IFERROR(E229*(1-G229),"-") -> - | G229: 0.3
A230: 45700 | B230: 45714 | C230: Planet of the Discounts | D230: Insurgency: Sandstorm - Deluxe Edition | E230: 49.99 | F230: =IFERROR(E230*(1-G230),"-") -> 19.996 | G230: 0.6
D231: Insurgency: Sandstorm - Ultimate Edition | E231: 79.99 | F231: =IFERROR(E231*(1-G231),"-") -> 39.995 | G231: 0.5
D232: Insurgency: Sandstorm - Year Pass 1 + 2 | E232: 44.99 | F232: =IFERROR(E232*(1-G232),"-") -> 31.493 | G232: 0.3
D233: Insurgency: Sandstorm - Year Pass 1 + 2 + 3 | E233: 59.99 | F233: =IFERROR(E233*(1-G233),"-") -> 47.992 | G233: 0.2
D234: Insurgency: Sandstorm - Year Pass 3 | E234: 34.99 | F234: =IFERROR(E234*(1-G234),"-") -> 27.992 | G234: 0.2
A235: 45716 | B235: 45719 | C235: WE Offer Feb | D235: Insurgency: Sandstorm | E235: 39.99 | F235: =IFERROR(E235*(1-G235),"-") -> 15.996 | G235: 0.6
D236: Insurgency: Sandstorm - Gold Edition | E236: 69.99 | F236: =IFERROR(E236*(1-G236),"-") -> 27.996 | G236: 0.6
D237: Insurgency: Sandstorm - Y1 and Y2 Passes | E237: - | F237: =IFERROR(E237*(1-G237),"-") -> - | G237: 0.3
A238: 45730 | B238: 45733 | C238: WE Offer Mar | D238: Insurgency: Sandstorm - Deluxe Edition | E238: 49.99 | F238: =IFERROR(E238*(1-G238),"-") -> 19.996 | G238: 0.6
D239: Insurgency: Sandstorm - Ultimate Edition | E239: 79.99 | F239: =IFERROR(E239*(1-G239),"-") -> 39.995 | G239: 0.5
D240: Insurgency: Sandstorm - Year Pass 1 + 2 | E240: 44.99 | F240: =IFERROR(E240*(1-G240),"-") -> 31.493 | G240: 0.3
D241: Insurgency: Sandstorm - Year Pass 1 + 2 + 3 | E241: 59.99 | F241: =IFERROR(E241*(1-G241),"-") -> 47.992 | G241: 0.2
A242: 45742 | B242: 45757 | C242: Spring Sale (Part 1) | D242: Insurgency: Sandstorm | E242: 39.99 | F242: =IFERROR(E242*(1-G242),"-") -> 15.996 | G242: 0.6
D243: Insurgency: Sandstorm - Gold Edition | E243: 69.99 | F243: =IFERROR(E243*(1-G243),"-") -> 27.996 | G243: 0.6
D244: Insurgency: Sandstorm - Year Passes (1&2) | E244: - | F244: =IFERROR(E244*(1-G244),"-") -> - | G244: 0.3
...

Sheet ISS 2024
A1: 2024
A2: Partner | B2: Start Date | C2: End Date | D2: Program | E2: Content Name | F2: Current SRP ($USD) | G2: Promo SRP ($USD) | H2: Discount %
A3: STEAM
A4: Steam | B4: 45313 | C4: 45327 | D4: Custom deal + Games from Quebec | E4: Insurgency Sandstorm | F4: $29,99 | G4: $9,99 | H4: 0.67
A5: Steam | B5: 45313 | C5: 45327 | D5: Custom deal + Games from Quebec | E5: Insurgency Sandstorm Deluxe Edition | F5: $39,99 | G5: $16,00 | H5: 0.6
A6: Steam | B6: 45313 | C6: 45327 | D6: Custom deal + Games from Quebec | E6: Insurgency Sandstorm Gold Edition | F6: $59,99 | G6: $27,00 | H6: 0.55
A7: Steam | B7: 45313 | C7: 45327 | D7: Custom deal + Games from Quebec | E7: Insurgency Sandstorm Ultimate Edition | F7: $69,99 | G7: $55,95 | H7: 0.2
A8: Steam | B8: 45313 | C8: 45327 | D8: Custom deal + Games from Quebec | E8: Insurgency Sandstorm Year Pass 1 | F8: $24,99 | G8: $14,99 | H8: 0.4
A9: Steam | B9: 45313 | C9: 45327 | D9: Custom deal + Games from Quebec | E9: Insurgency Sandstorm Year Pass 2 | F9: $29,99 | G9: $17,99 | H9: 0.4
A10: Steam | B10: 45313 | C10: 45327 | D10: Custom deal + Games from Quebec | E10: Insurgency Sandstorm Year Pass 3 | F10: $34,99 | G10: $34,99 | H10: 0
A11: Steam | B11: 45313 | C11: 45327 | D11: Custom deal + Games from Quebec | E11: Insurgency Sandstorm Year Pass 1 + 2 | F11: $44,99 | G11: $29,24 | H11: 0.35
A12: Steam | B12: 45313 | C12: 45327 | D12: Custom deal + Games from Quebec | E12: Insurgency Sandstorm Year Pass 1 + 2+3 | F12: $59,99 | G12: $59,99 | H12: 0
A14: Steam | B14: 45365 | C14: 45372 | D14: Spring | E14: Insurgency Sandstorm | F14: $29,99 | G14: $9,99 | H14: 0.67 | I14: To be updated post last promo
A15: Steam | B15: 45365 | C15: 45372 | D15: Spring | E15: Insurgency Sandstorm Deluxe Edition | F15: $39,99 | G15: $16,00 | H15: 0.6
A16: Steam | B16: 45365 | C16: 45372 | D16: Spring | E16: Insurgency Sandstorm Gold Edition | F16: $59,99 | G16: $27,00 | H16: 0.55
A17: Steam | B17: 45365 | C17: 45372 | D17: Spring | E17: Insurgency Sandstorm Ultimate Edition | F17: $69,99 | G17: $55,95 | H17: 0.2
A18: Steam | B18: 45365 | C18: 45372 | D18: Spring | E18: Insurgency Sandstorm Year Pass 1 | F18: $24,99 | G18: $14,99 | H18: 0.4
A19: Steam | B19: 45365 | C19: 45372 | D19: Spring | E19: Insurgency Sandstorm Year Pass 2 | F19: $29,99 | G19: $17,99 | H19: 0.4
A20: Steam | B20: 45365 | C20: 45372 | D20: Spring | E20: Insurgency Sandstorm Year Pass 3 | F20: $34,99 | G20: $34,99 | H20: 0
A21: Steam | B21: 45365 | C21: 45372 | D21: Spring | E21: Insurgency Sandstorm Year Pass 1 + 2 | F21: $44,99 | G21: $29,24 | H21: 0.35
A22: Steam | B22: 45365 | C22: 45372 | D22: Spring | E22: Insurgency Sandstorm Year Pass 1 + 2+3 | F22: $59,99 | G22: $59,99 | H22: 0
A24: Steam | B24: 45357 | C24: 45366 | D24: Custom Deal | E24: Insurgency Sandstorm | F24: $29,99 | G24: $9,99 | H24: 0.67
A25: Steam | B25: 45357 | C25: 45366 | D25: Custom Deal | E25: Insurgency Sandstorm Deluxe Edition | F25: $39,99 | G25: $16,00 | H25: 0.6
A26: Steam | B26: 45357 | C26: 45366 | D26: Custom Deal | E26: Insurgency Sandstorm Gold Edition | F26: $59,99 | G26: $27,00 | H26: 0.55
A27: Steam | B27: 45357 | C27: 45366 | D27: Custom Deal | E27: Insurgency Sandstorm Ultimate Edition | F27: $69,99 | G27: $55,95 | H27: 0.2
... A32: Steam | B32: 45357 | C32: 45366 | D32: Custom Deal | E32: Insurgency Sandstorm Year Pass 1 + 2+3 | F32: $59,99 | G32: $59,99 | H32: 0
A34: Steam | B34: 45397 | C34: 45411 | D34: Custom Deal | E34: Insurgency Sandstorm | F34: 29.99 | G34: =F34*(1-H34) -> 9.8967 | H34: 0.67
A35: Steam | B35: 45397 | C35: 45411 | D35: Custom Deal | E35: Insurgency Sandstorm Deluxe Edition | F35: 39.99 | G35: =F35*(1-H35) -> 14.7963 | H35: 0.63
A36: Steam | B36: 45397 | C36: 45411 | D36: Custom Deal | E36: Insurgency Sandstorm Gold Edition | F36: 59.99 | G36: =F36*(1-H36) -> 24.5959 | H36: 0.59
A37: Steam | B37: 45397 | C37: 45411 | D37: Custom Deal | E37: Insurgency Sandstorm Ultimate Edition | F37: 69.99 | G37: =F37*(1-H37) -> 48.993 | H37: 0.3
A38: Steam | B38: 45397 | C38: 45411 | D38: Custom Deal | E38: Insurgency Sandstorm Year Pass 1 | F38: 24.99 | G38: =F38*(1-H38) -> 14.994 | H38: 0.4
A39: Steam | B39: 45397 | C39: 45411 | D39: Custom Deal | E39: Insurgency Sandstorm Year Pass 2 | F39: 29.99 | G39: =F39*(1-H39) -> 17.994 | H39: 0.4
A40: Steam | B40: 45397 | C40: 45411 | D40: Custom Deal | E40: Insurgency Sandstorm Year Pass 3 | F40: 34.99 | G40: =F40*(1-H40) -> 34.99 | H40: 0
A41: Steam | B41: 45397 | C41: 45411 | D41: Custom Deal | E41: Insurgency Sandstorm Year Pass 1 + 2 | F41: 44.99 | G41: =F41*(1-H41) -> 29.2435 | H41: 0.35
A42: Steam | B42: 45397 | C42: 45411 | D42: Custom Deal | E42: Insurgency Sandstorm Year Pass 1 + 2+3 | F42: 59.99 | G42: =F42*(1-H42) -> 59.99 | H42: 0
A44: Steam | B44: 45453 | C44: 45467 | D44: Featured + Custom Deal | E44: Insurgency Sandstorm | F44: 29.99 | G44: =F44*(1-H44) -> 9.8967 | H44: 0.67
A45: Steam | B45: 45453 | C45: 45467 | D45: Featured + Custom Deal | E45: Insurgency Sandstorm Deluxe Edition | F45: 39.99 | G45: =F45*(1-H45) -> 14.7963 | H45: 0.63
A46: Steam | B46: 45453 | C46: 45467 | D46: Featured + Custom Deal | E46: Insurgency Sandstorm Gold Edition | F46: 59.99 | G46: =F46*(1-H46) -> 19.7967 | H46: 0.67
... A72: Steam | B72: 45500 | C72: 45509 | D72: Summer Sales | E72: Insurgency Sandstorm Year Pass 1 + 2+3 | F72: 59.99 | G72: =F72*(1-H72) -> 44.9925 | H72: 0.25
A74: MICROSOFT | B74: 45294 | C74: 45306 | D74: Last Chance Sale | E74: Insurgency Sandstorm Deluxe Edition | F74: $49,99 | G74: $25,00 | H74: 0.5
A75: MICROSOFT | B75: 45300 | C75: 45313 | D75: Countdown Sale Add-on Sale | E75: Insurgency: Sandstorm - Year 1+2 Bundle | F75: $44,99 | G75: $35,99 | H75: 0.2
A76: MICROSOFT | B76: 45314 | C76: 45320 | D76: Deals With Game Pass Ultimate and Core | E76: Insurgency Sandstorm Gold Edition | F76: $59,99 | G76: $24,00 | H76: 0.6
A77: MICROSOFT | B77: 45335 | C77: 45348 | D77: Publisher Spotlight Series | E77: Insurgency Sandstorm | F77: $39,99 | G77: $16,00 | H77: 0.6
A78: MICROSOFT | B78: 45335 | C78: 45348 | D78: Publisher Spotlight Series | E78: Insurgency: Sandstorm - Year 1 Pass | F78: $24,99 | G78: $19,99 | H78: 0.2
A79: MICROSOFT | B79: 45335 | C79: 45348 | D79: Publisher Spotlight Series | E79: Insurgency: Sandstorm - Year 2 Pass | F79: $29,99 | G79: $23,99 | H79: 0.2
A80: MICROSOFT | B80: 45342 | C80: 45348 | D80: Deals With Game Pass Ultimate and Core | E80: Insurgency Sandstorm Deluxe Edition | F80: $49,99 | G80: $25,00 | H80: 0.5
A81: MICROSOFT | B81: 45349 | C81: 45355 | D81: Bundles Sale | E81: Insurgency Sandstorm Gold Edition | F81: $59,99 | G81: $24,00 | H81: 0.6
A82: MICROSOFT | B82: 45349 | C82: 45355 | D82: Bundles Sale | E82: Insurgency: Sandstorm - Year 1+2 Bundle | F82: $44,99 | G82: $35,99 | H82: 0.2
A83: MICROSOFT | B83: 45356 | C83: 45362 | D83: Best Rated Sale | E83: Insurgency Sandstorm Ultimate Edition | F83: $79,99 | G83: $63,99 | H83: 0.2
A84: MICROSOFT | B84: 45377 | C84: 45383 | D84: Deals With Game Pass Ultimate and Core | E84: Insurgency Sandstorm Deluxe Edition | F84: $49,99 | G84: $25,00 | H84: 0.5
A85: MICROSOFT | B85: 45380 | C85: 45393 | D85: Spring Sale | E85: Insurgency Sandstorm | F85: $39,99 | G85: $16,00 | H85: 0.6
... A119: MICROSOFT | B119: 45566 | C119: 45572 | D119: Deals With Game Pass Ultimate and Core | E119: Insurgency Sandstorm Deluxe Edition | F119: $49,99 | G119: $25,00 | H119: 0.5
A120: MICROSOFT | B120: 45580.375 | C120: 45586.375 | D120: Deals With Game Pass Ultimate and Core | E120: Insurgency: Sandstorm | F120: 39.99 | G120: 15.996 | H120: 0.6
A121: MICROSOFT | B121: 45580.375 | C121: 45586.375 | D121: Deals With Game Pass Ultimate and Core | E121: Insurgency: Sandstorm | F121: 29.99 | G121: 9.8967 | H121: 0.67
A122: MICROSOFT | B122: 45594.333 | C122: 45600.375 | D122: Deals With Game Pass Ultimate and Core | E122: Insurgency: Sandstorm - Gold Edition | F122: 59.99 | G122: 29.995 | H122: 0.5
A123: MICROSOFT | B123: 45594.333 | C123: 45600.375 | D123: Deals With Game Pass Ultimate and Core | E123: Insurgency: Sandstorm - Gold Edition | F123: 49.99 | G123: 22.4955 | H123: 0.55
A124: MICROSOFT | B124: 45594.333 | C124: 45600.375 | D124: Deals With Game Pass Ultimate and Core | E124: Insurgency: Sandstorm - Ultimate Edition | F124: 79.99 | G124: 47.994 | H124: 0.4
A125: MICROSOFT | B125: 45594.333 | C125: 45600.375 | D125: Deals With Game Pass Ultimate and Core | E125: Insurgency: Sandstorm - Ultimate Edition | F125: 69.99 | G125: 41.994 | H125: 0.4
A126: MICROSOFT | B126: 45608.375 | C126: 45614.375 | D126: Deals With Game Pass Ultimate and Core | E126: Insurgency: Sandstorm - Deluxe Edition | F126: 49.99 | G126: 24.995 | H126: 0.5
A127: MICROSOFT | B127: 45608.375 | C127: 45614.375 | D127: Deals With Game Pass Ultimate and Core | E127: Insurgency: Sandstorm - Deluxe Edition | F127: 39.99 | G127: 15.996 | H127: 0.6
A128: MICROSOFT | B128: 45611.375 | C128: 45628.375 | D128: Black Friday Sale | E128: Insurgency: Sandstorm | F128: 39.99 | G128: 15.996 | H128: 0.6
A129: MICROSOFT | B129: 45611.375 | C129: 45628.375 | D129: Black Friday Sale | E129: Insurgency: Sandstorm | F129: 29.99 | G129: 9.8967 | H129: 0.67
A130: MICROSOFT | B130: 45629.375 | C130: 45635.375 | D130: Deals With Game Pass Ultimate and Core | E130: Insurgency: Sandstorm - Ultimate Edition | F130: 79.99 | G130: 47.994 | H130: 0.4
A131: MICROSOFT | B131: 45629.375 | C131: 45635.375 | D131: Deals With Game Pass Ultimate and Core | E131: Insurgency: Sandstorm - Ultimate Edition | F131: 69.99 | G131: 41.994 | H131: 0.4
... A141: MICROSOFT | B141: 45660.375 | C141: 45670.375 | D141: Last Chance Sale | E141: Insurgency: Sandstorm | F141: 29.99 | G141: 9.8967 | H141: 0.67
A143: SONY | B143: 45294 | C143: 45308 | D143: Holiday Sale - Part 2 | E143: Insurgency: Sandstorm - Gold Edition | F143: 69.99 | G143: =F143*(1-H143) -> 27.996 | H143: 0.6
A144: SONY | E144: Insurgency: Sandstorm - Year Pass 1 + 2 | F144: 44.99 | G144: =F144*(1-H144) -> 30.1433 | H144: 0.33
A145: SONY | B145: 45308 | C145: 45322 | D145: New Year Deals | E145: Insurgency: Sandstorm - Deluxe Edition | F145: 49.99 | G145: =F145*(1-H145) -> 19.996 | H145: 0.6
A146: SONY | E146: Insurgency: Sandstorm - Y1 and Y2 Passes | F146: - | G146: - | H146: 0.2
A147: SONY | B147: 45322 | C147: 45336 | D147: Critic's Choice | E147: Insurgency: Sandstorm | F147: 39.99 | G147: =F147*(1-H147) -> 15.996 | H147: 0.6 | I147: Cancelled
A148: SONY | E148: Insurgency: Sandstorm - Ultimate Edition | F148: 79.99 | G148: =F148*(1-H148) -> 55.993 | H148: 0.3 | I148: Cancelled
A149: SONY | B149: 45336 | C149: 45350 | D149: Planet of the Discounts | E149: Insurgency: Sandstorm - Gold Edition | F149: 69.99 | G149: =F149*(1-H149) -> 27.996 | H149: 0.6 | I149: Cancelled
A150: SONY | E150: Insurgency: Sandstorm - Year Pass 1 + 2 | F150: 44.99 | G150: =F150*(1-H150) -> 35.992 | H150: 0.2 | I150: Cancelled
A151: SONY | B151: 45350 | C151: 45364 | D151: Mega March | E151: Insurgency: Sandstorm - Gold Edition | F151: 69.99 | G151: =F151*(1-H151) -> 41.994 | H151: 0.4
A152: SONY | E152: Insurgency: Sandstorm - Year Pass 1 + 2 | F152: 44.99 | G152: =F152*(1-H152) -> 31.493 | H152: 0.3
A153: SONY | B153: 45364 | C153: 45378 | D153: Essential Picks | E153: Insurgency: Sandstorm - Deluxe Edition | F153: 49.99 | G153: =F153*(1-H153) -> 29.994 | H153: 0.4
A154: SONY | E154: Insurgency: Sandstorm - Y1 and Y2 Passes | F154: - | G154: - | H154: 0.3
A155: SONY | B155: 45378 | C155: 45392 | D155: Spring Sale - Part 1 | E155: Insurgency: Sandstorm | F155: 39.99 | G155: =F155*(1-H155) -> 27.993 | H155: 0.3
A156: SONY | E156: Insurgency: Sandstorm - Ultimate Edition | F156: 79.99 | G156: =F156*(1-H156) -> 47.994 | H156: 0.4
A157: SONY | B157: 45392 | C157: 45406 | D157: Spring Sale - Part 2 | E157: Insurgency: Sandstorm - Gold Edition | F157: 69.99 | G157: =F157*(1-H157) -> 41.994 | H157: 0.4
A158: SONY | E158: Insurgency: Sandstorm - Year Pass 1 + 2 | F158: 44.99 | G158: =F158*(1-H158) -> 31.493 | H158: 0.3
A159: SONY | B159: 45406 | C159: 45420 | D159: May Savings / Golden Week | E159: Insurgency: Sandstorm - Deluxe Edition | F159: 49.99 | G159: =F159*(1-H159) -> 29.994 | H159: 0.4
A160: SONY | E160: Insurgency: Sandstorm - Y1 and Y2 Passes | F160: - | G160: - | H160: 0.3
A161: SONY | B161: 45420 | C161: 45434 | D161: Big Games Big Deals | E161: Insurgency: Sandstorm | F161: 39.99 | G161: =F161*(1-H161) -> 19.995 | H161: 0.5
A162: SONY | E162: Insurgency: Sandstorm - Ultimate Edition | F162: 79.99 | G162: =F162*(1-H162) -> 47.994 | H162: 0.4
A163: SONY | E163: Insurgency: Sandstorm - Year Pass 1 + 2 + 3 | F163: 59.99 | G163: =F163*(1-H163) -> 47.992 | H163: 0.2
A164: SONY | B164: 45434 | C164: 45448 | D164: Planet of the Discounts | E164: Insurgency: Sandstorm - Gold Edition | F164: 69.99 | G164: =F164*(1-H164) -> 34.995 | H164: 0.5
A165: SONY | E165: Insurgency: Sandstorm - Year Pass 1 + 2 | F165: 44.99 | G165: =F165*(1-H165) -> 31.493 | H165: 0.3
A166: SONY | B166: 45448 | C166: 45462 | D166: Summer Games Fest | E166: Insurgency: Sandstorm - Deluxe Edition | F166: 49.99 | G166: =F166*(1-H166) -> 24.995 | H166: 0.5
A167: SONY | E167: Insurgency: Sandstorm - Y1 and Y2 Passes | F167: - | G167: - | H167: 0.3
A168: SONY | B168: 45462 | C168: 45476 | D168: Mid Year Deals | E168: Insurgency: Sandstorm | F168: 39.99 | G168: =F168*(1-H168) -> 19.995 | H168: 0.5
A169: SONY | E169: Insurgency: Sandstorm - Ultimate Edition | F169: 79.99 | G169: =F169*(1-H169) -> 47.994 | H169: 0.4
A170: SONY | E170: Insurgency: Sandstorm - Year Pass 1 + 2 + 3 | F170: 59.99 | G170: =F170*(1-H170) -> 47.992 | H170: 0.2
A171: SONY | B171: 45476 | C171: 45490 | D171: Essential Picks | E171: Insurgency: Sandstorm - Gold Edition | F171: 69.99 | G171: =F171*(1-H171) -> 34.995 | H171: 0.5
A172: SONY | E172: Insurgency: Sandstorm - Year Pass 1 + 2 | F172: 44.99 | G172: =F172*(1-H172) -> 31.493 | H172: 0.3
A173: SONY | E173: Insurgency: Sandstorm - Year Pass 3 | F173: 34.99 | G173: =F173*(1-H173) -> 27.992 | H173: 0.2
A174: SONY | B174: 45490 | C174: 45504 | D174: Summer Sale - Part 1 | E174: Insurgency: Sandstorm - Deluxe Edition | F174: 49.99 | G174: =F174*(1-H174) -> 24.995 | H174: 0.5
A175: SONY | E175: Insurgency: Sandstorm - Y1 and Y2 Passes | F175: - | G175: - | H175: 0.3
A176: SONY | B176: 45504 | C176: 45518 | D176: Summer Sale - Part 2 | E176: Insurgency: Sandstorm | F176: 39.99 | G176: =F176*(1-H176) -> 19.995 | H176: 0.5
A177: SONY | E177: Insurgency: Sandstorm - Ultimate Edition | F177: 79.99 | G177: =F177*(1-H177) -> 47.994 | H177: 0.4
...

Sheet Snow 2024
A1: 2024
A2: Partner | B2: Start Date | C2: End Date | D2: Program | E2: Content Name | F2: Current SRP ($USD) | G2: Promo SRP ($USD) | H2: Discount %
A3: STEAM
A4: Steam | B4: 45313 | C4: 45327 | D4: Custom deal + Games from Quebec | E4: SnowRunner | F4: 29.99 | G4: $14,99 | H4: 0.5
A5: Steam | B5: 45313 | C5: 45327 | D5: Custom deal + Games from Quebec | E5: SnowRunner - 1 year anniversary | F5: 39.99 | G5: =F5*(1-H5) -> 21.9945 | H5: 0.45
A6: Steam | B6: 45313 | C6: 45327 | D6: Custom deal + Games from Quebec | E6: SnowRunner - 2 year anniversary | F6: 74.99 | G6: =F6*(1-H6) -> 44.994 | H6: 0.4
A7: Steam | B7: 45313 | C7: 45327 | D7: Custom deal + Games from Quebec | E7: SnowRunner - 3 year anniversary | F7: 91.31 | G7: =F7*(1-H7) -> 54.786 | H7: 0.4
A8: Steam | B8: 45313 | C8: 45327 | D8: Custom deal + Games from Quebec | E8: Snowrunner all seasons except 9 10 11 | F8: 6.99 | G8: =F8*(1-H8) -> 4.5435 | H8: 0.35
A9: Steam | B9: 45313 | C9: 45327 | D9: Custom deal + Games from Quebec | E9: Season 9 | F9: 6.99 | G9: =F9*(1-H9) -> 4.893 | H9: 0.3
A10: Steam | B10: 45313 | C10: 45327 | D10: Custom deal + Games from Quebec | E10: Season 10 | F10: 6.99 | G10: =F10*(1-H10) -> 5.2425 | H10: 0.25
A11: Steam | B11: 45313 | C11: 45327 | D11: Custom deal + Games from Quebec | E11: Season 11 | F11: 6.99 | G11: =F11*(1-H11) -> 5.592 | H11: 0.2
A12: Steam | B12: 45313 | C12: 45327 | D12: Custom deal + Games from Quebec | E12: Snowrunner all Vehicules | F12: 3.99 | G12: =F12*(1-H12) -> 3.192 | H12: 0.2
A13: Steam | B13: 45313 | C13: 45327 | D13: Custom deal + Games from Quebec | E13: SnowRunner Year 1 Pass | F13: 24.99 | G13: =F13*(1-H13) -> 17.493 | H13: 0.3
A14: Steam | B14: 45313 | C14: 45327 | D14: Custom deal + Games from Quebec | E14: SnowRunner Year 2 Pass | F14: 24.99 | G14: =F14*(1-H14) -> 17.493 | H14: 0.3
A15: Steam | B15: 45313 | C15: 45327 | D15: Custom deal + Games from Quebec | E15: SnowRunner Year 3 Pass | F15: 24.99 | G15: =F15*(1-H15) -> 19.992 | H15: 0.2
A17: Steam | B17: 45356 | C17: 45360 | D17: Custom March | E17: SnowRunner | F17: 29.99 | G17: $14,99 | H17: 0.5 | I17: To be updated post last promo
A18: Steam | B18: 45356 | C18: 45360 | D18: Custom March | E18: SnowRunner - 1 year anniversary | F18: 39.99 | G18: =F18*(1-H18) -> 21.9945 | H18: 0.45
A19: Steam | B19: 45356 | C19: 45360 | D19: Custom March | E19: SnowRunner - 2 year anniversary | F19: 64.99 | G19: =F19*(1-H19) -> 44.8431 | H19: 0.31
A20: Steam | B20: 45356 | C20: 45360 | D20: Custom March | E20: SnowRunner - 3 year anniversary | F20: 84.99 | G20: =F20*(1-H20) -> 54.3936 | H20: 0.36
A21: Steam | B21: 45357 | C21: 45361 | D21: Custom March | E21: SnowRunner - 4 year anniversary | F21: 104.99 | G21: =F21*(1-H21) -> 104.99 | H21: 0
A22: Steam | B22: 45358 | C22: 45362 | D22: Custom March | E22: Snowrunner all seasons except 9 10 11 | F22: 6.99 | G22: =F22*(1-H22) -> 4.5435 | H22: 0.35
A23: Steam | B23: 45359 | C23: 45363 | D23: Custom March | E23: Season 9 | F23: 6.99 | G23: =F23*(1-H23) -> 4.893 | H23: 0.3
A24: Steam | B24: 45360 | C24: 45364 | D24: Custom March | E24: Season 10 | F24: 6.99 | G24: =F24*(1-H24) -> 5.2425 | H24: 0.25
A25: Steam | B25: 45361 | C25: 45365 | D25: Custom March | E25: Season 11 | F25: 6.99 | G25: =F25*(1-H25) -> 5.592 | H25: 0.2
A26: Steam | B26: 45362 | C26: 45366 | D26: Custom March | E26: Snowrunner all Vehicules | F26: 3.99 | G26: =F26*(1-H26) -> 3.192 | H26: 0.2
A27: Steam | B27: 45363 | C27: 45367 | D27: Custom March | E27: SnowRunner Year 1 Pass | F27: 24.99 | G27: =F27*(1-H27) -> 17.493 | H27: 0.3
A28: Steam | B28: 45364 | C28: 45368 | D28: Custom March | E28: SnowRunner Year 2 Pass | F28: 24.99 | G28: =F28*(1-H28) -> 17.493 | H28: 0.3
A29: Steam | B29: 45365 | C29: 45369 | D29: Custom March | E29: SnowRunner Year 3 Pass | F29: 24.99 | G29: =F29*(1-H29) -> 19.992 | H29: 0.2
A30: Steam | B30: 45366 | C30: 45370 | D30: Custom March | E30: SnowRunner Year 4 Pass | F30: 24.99 | G30: =F30*(1-H30) -> 24.99 | H30: 0
A32: Steam | B32: 45365 | C32: 45372 | D32: Spring | E32: SnowRunner | F32: 29.99 | G32: $14,99 | H32: 0.5
A33: Steam | B33: 45365 | C33: 45372 | D33: Spring | E33: SnowRunner - 1 year anniversary | F33: 39.99 | G33: =F33*(1-H33) -> 21.9945 | H33: 0.45
A34: Steam | B34: 45365 | C34: 45372 | D34: Spring | E34: SnowRunner - 2 year anniversary | F34: 64.77 | G34: =F34*(1-H34) -> 38.862 | H34: 0.4
A35: Steam | B35: 45365 | C35: 45372 | D35: Spring | E35: SnowRunner - 3 year anniversary | F35: 84.99 | G35: =F35*(1-H35) -> 50.994 | H35: 0.4
A36: Steam | B36: 45365 | C36: 45372 | D36: Spring | E36: SnowRunner - 4 year anniversary | F36: 104.99 | G36: =F36*(1-H36) -> 104.99 | H36: 0
A37: Steam | B37: 45365 | C37: 45372 | D37: Spring | E37: Snowrunner all seasons except 9 10 11 | F37: 6.99 | G37: =F37*(1-H37) -> 4.5435 | H37: 0.35
A38: Steam | B38: 45365 | C38: 45372 | D38: Spring | E38: Season 9 | F38: 6.99 | G38: =F38*(1-H38) -> 4.5435 | H38: 0.35
A39: Steam | B39: 45365 | C39: 45372 | D39: Spring | E39: Season 10 | F39: 6.99 | G39: =F39*(1-H39) -> 4.893 | H39: 0.3
A40: Steam | B40: 45365 | C40: 45372 | D40: Spring | E40: Season 11 | F40: 6.99 | G40: =F40*(1-H40) -> 5.2425 | H40: 0.25
A41: Steam | B41: 45365 | C41: 45372 | D41: Spring | E41: Season 12 | F41: 6.99 | G41: =F41*(1-H41) -> 6.99 | H41: 0
A42: Steam | B42: 45365 | C42: 45372 | D42: Spring | E42: Snowrunner all Vehicules | F42: 3.99 | G42: =F42*(1-H42) -> 3.192 | H42: 0.2
A43: Steam | B43: 45365 | C43: 45372 | D43: Spring | E43: SnowRunner Year 1 Pass | F43: 24.99 | G43: =F43*(1-H43) -> 17.493 | H43: 0.3
A44: Steam | B44: 45365 | C44: 45372 | D44: Spring | E44: SnowRunner Year 2 Pass | F44: 24.99 | G44: =F44*(1-H44) -> 17.493 | H44: 0.3
... A46: Steam | B46: 45365 | C46: 45372 | D46: Spring | E46: SnowRunner Year 4 Pass | F46: 24.99 | G46: =F46*(1-H46) -> 24.99 | H46: 0
A48: Steam | B48: 45390 | C48: 45404 | D48: Midweek extended | E48: SnowRunner | F48: 29.99 | G48: $14,99 | H48: 0.5 | I48: Featured + custom deal April
A49: Steam | B49: 45390 | C49: 45404 | D49: Midweek extended | E49: SnowRunner - 1 year anniversary | F49: 39.99 | G49: =F49*(1-H49) -> 19.995 | H49: 0.5
A50: Steam | B50: 45390 | C50: 45404 | D50: Midweek extended | E50: SnowRunner - 2 year anniversary | F50: 64.77 | G50: =F50*(1-H50) -> 34.9758 | H50: 0.46
A51: Steam | B51: 45390 | C51: 45404 | D51: Midweek extended | E51: SnowRunner - 3 year anniversary | F51: 84.99 | G51: =F51*(1-H51) -> 50.994 | H51: 0.4
A52: Steam | B52: 45390 | C52: 45404 | D52: Midweek extended | E52: SnowRunner - 4 year anniversary | F52: 104.99 | G52: =F52*(1-H52) -> 83.992 | H52: 0.2
A53: Steam | B53: 45390 | C53: 45404 | D53: Midweek extended | E53: Snowrunner all seasons except 11 & 12 | F53: 6.99 | G53: =F53*(1-H53) -> 4.5435 | H53: 0.35
A54: Steam | B54: 45390 | C54: 45404 | D54: Midweek extended | E54: Season 11 | F54: 6.99 | G54: =F54*(1-H54) -> 5.2425 | H54: 0.25
A55: Steam | B55: 45390 | C55: 45404 | D55: Midweek extended | E55: Season 12 | F55: 6.99 | G55: =F55*(1-H55) -> 5.592 | H55: 0.2
A56: Steam | B56: 45390 | C56: 45404 | D56: Midweek extended | E56: Snowrunner all Vehicules | F56: 3.99 | G56: =F56*(1-H56) -> 3.192 | H56: 0.2
A57: Steam | B57: 45390 | C57: 45404 | D57: Midweek extended | E57: SnowRunner Year 1 Pass | F57: 24.99 | G57: =F57*(1-H57) -> 17.493 | H57: 0.3
A58: Steam | B58: 45390 | C58: 45404 | D58: Midweek extended | E58: SnowRunner Year 2 Pass | F58: 24.99 | G58: =F58*(1-H58) -> 17.493 | H58: 0.3
A59: Steam | B59: 45390 | C59: 45404 | D59: Midweek extended | E59: SnowRunner Year 3 Pass | F59: 24.99 | G59: =F59*(1-H59) -> 18.7425 | H59: 0.25
A60: Steam | B60: 45390 | C60: 45404 | D60: Midweek extended | E60: SnowRunner Year 4 Pass | F60: 24.99 | G60: =F60*(1-H60) -> 24.99 | H60: 0
A62: Steam | B62: 45434 | C62: 45447 | D62: Custom promo | E62: SnowRunner | F62: 29.99 | G62: $14,99 | H62: 0.5 | I62: To update post previous promo results
A63: Steam | B63: 45434 | C63: 45447 | D63: Custom promo | E63: SnowRunner - 1 year anniversary | F63: 39.99 | G63: =F63*(1-H63) -> 19.995 | H63: 0.5
A64: Steam | B64: 45434 | C64: 45447 | D64: Custom promo | E64: SnowRunner - 2 year anniversary | F64: 64.77 | G64: =F64*(1-H64) -> 34.9758 | H64: 0.46
A65: Steam | B65: 45434 | C65: 45447 | D65: Custom promo | E65: SnowRunner - 3 year anniversary | F65: 84.99 | G65: =F65*(1-H65) -> 50.994 | H65: 0.4
A66: Steam | B66: 45434 | C66: 45447 | D66: Custom promo | E66: SnowRunner - 4 year anniversary | F66: 104.99 | G66: =F66*(1-H66) -> 83.992 | H66: 0.2
A67: Steam | B67: 45434 | C67: 45447 | D67: Custom promo | E67: Snowrunner all seasons except 11 & 12 | F67: 6.99 | G67: =F67*(1-H67) -> 4.5435 | H67: 0.35
A68: Steam | B68: 45434 | C68: 45447 | D68: Custom promo | E68: Season 11 | F68: 6.99 | G68: =F68*(1-H68) -> 5.2425 | H68: 0.25
A69: Steam | B69: 45434 | C69: 45447 | D69: Custom promo | E69: Season 12 | F69: 6.99 | G69: =F69*(1-H69) -> 5.592 | H69: 0.2
A70: Steam | B70: 45434 | C70: 45447 | D70: Custom promo | E70: Snowrunner all Vehicules | F70: 3.99 | G70: =F70*(1-H70) -> 3.192 | H70: 0.2
A71: Steam | B71: 45434 | C71: 45447 | D71: Custom promo | E71: SnowRunner Year 1 Pass | F71: 24.99 | G71: =F71*(1-H71) -> 17.493 | H71: 0.3
A72: Steam | B72: 45434 | C72: 45447 | D72: Custom promo | E72: SnowRunner Year 2 Pass | F72: 24.99 | G72: =F72*(1-H72) -> 17.493 | H72: 0.3
A73: Steam | B73: 45434 | C73: 45447 | D73: Custom promo | E73: SnowRunner Year 3 Pass | F73: 24.99 | G73: =F73*(1-H73) -> 18.7425 | H73: 0.25
A74: Steam | B74: 45434 | C74: 45447 | D74: Custom promo | E74: SnowRunner Year 4 Pass | F74: 24.99 | G74: =F74*(1-H74) -> 24.99 | H74: 0
A76: Steam | B76: 45470 | C76: 45484 | D76: Summer Sales | E76: SnowRunner | F76: 29.99 | G76: $14,99 | H76: 0.5 | I76: To update post previous promo results
A77: Steam | B77: 45470 | C77: 45484 | D77: Summer Sales | E77: SnowRunner - 1 year anniversary | F77: 39.99 | G77: =F77*(1-H77) -> 19.995 | H77: 0.5
A78: Steam | B78: 45470 | C78: 45484 | D78: Summer Sales | E78: SnowRunner - 2 year anniversary | F78: 64.77 | G78: =F78*(1-H78) -> 34.9758 | H78: 0.46
A79: Steam | B79: 45470 | C79: 45484 | D79: Summer Sales | E79: SnowRunner - 3 year anniversary | F79: 84.99 | G79: =F79*(1-H79) -> 50.994 | H79: 0.4
A80: Steam | B80: 45470 | C80: 45484 | D80: Summer Sales | E80: SnowRunner - 4 year anniversary | F80: 104.99 | G80: =F80*(1-H80) -> 83.992 | H80: 0.2
A81: Steam | B81: 45470 | C81: 45484 | D81: Summer Sales | E81: Snowrunner all seasons except 11 & 12 | F81: 6.99 | G81: =F81*(1-H81) -> 4.5435 | H81: 0.35
A82: Steam | B82: 45470 | C82: 45484 | D82: Summer Sales | E82: Season 11 | F82: 6.99 | G82: =F82*(1-H82) -> 5.2425 | H82: 0.25
A83: Steam | B83: 45470 | C83: 45484 | D83: Summer Sales | E83: Season 12 | F83: 6.99 | G83: =F83*(1-H83) -> 5.592 | H83: 0.2
A84: Steam | B84: 45470 | C84: 45484 | D84: Summer Sales | E84: Snowrunner all Vehicules | F84: 3.99 | G84: =F84*(1-H84) -> 3.192 | H84: 0.2
A85: Steam | B85: 45470 | C85: 45484 | D85: Summer Sales | E85: SnowRunner Year 1 Pass | F85: 24.99 | G85: =F85*(1-H85) -> 17.493 | H85: 0.3
A86: Steam | B86: 45470 | C86: 45484 | D86: Summer Sales | E86: SnowRunner Year 2 Pass | F86: 24.99 | G86: =F86*(1-H86) -> 17.493 | H86: 0.3
A87: Steam | B87: 45470 | C87: 45484 | D87: Summer Sales | E87: SnowRunner Year 3 Pass | F87: 24.99 | G87: =F87*(1-H87) -> 18.7425 | H87: 0.25
A88: Steam | B88: 45470 | C88: 45484 | D88: Summer Sales | E88: SnowRunner Year 4 Pass | F88: 24.99 | G88: =F88*(1-H88) -> 24.99 | H88: 0
A90: Steam | B90: 45500 | C90: 45509 | D90: Custom promo July | E90: SnowRunner | F90: 29.99 | G90: $14,99 | H90: 0.5 | I90: To update post previous promo results
A91: Steam | B91: 45500 | C91: 45509 | D91: Custom promo July | E91: SnowRunner - 1 year anniversary | F91: 39.99 | G91: =F91*(1-H91) -> 19.995 | H91: 0.5
A92: Steam | B92: 45500 | C92: 45509 | D92: Custom promo July | E92: SnowRunner - 2 year anniversary | F92: 64.77 | G92: =F92*(1-H92) -> 34.9758 | H92: 0.46
A93: Steam | B93: 45500 | C93: 45509 | D93: Custom promo July | E93: SnowRunner - 3 year anniversary | F93: 84.99 | G93: =F93*(1-H93) -> 50.994 | H93: 0.4
A94: Steam | B94: 45500 | C94: 45509 | D94: Custom promo July | E94: SnowRunner - 4 year anniversary | F94: 104.99 | G94: =F94*(1-H94) -> 83.992 | H94: 0.2
A95: Steam | B95: 45500 | C95: 45509 | D95: Custom promo July | E95: Snowrunner all seasons except 11 & 12 | F95: 6.99 | G95: =F95*(1-H95) -> 4.5435 | H95: 0.35
A96: Steam | B96: 45500 | C96: 45509 | D96: Custom promo July | E96: Season 11 | F96: 6.99 | G96: =F96*(1-H96) -> 5.2425 | H96: 0.25
A97: Steam | B97: 45500 | C97: 45509 | D97: Custom promo July | E97: Season 12 | F97: 6.99 | G97: =F97*(1-H97) -> 5.592 | H97: 0.2
A98: Steam | B98: 45500 | C98: 45509 | D98: Custom promo July | E98: Snowrunner all Vehicules | F98: 3.99 | G98: =F98*(1-H98) -> 3.192 | H98: 0.2
A99: Steam | B99: 45500 | C99: 45509 | D99: Custom promo July | E99: SnowRunner Year 1 Pass | F99: 24.99 | G99: =F99*(1-H99) -> 17.493 | H99: 0.3
A100: Steam | B100: 45500 | C100: 45509 | D100: Custom promo July | E100: SnowRunner Year 2 Pass | F100: 24.99 | G100: =F100*(1-H100) -> 17.493 | H100: 0.3
A101: Steam | B101: 45500 | C101: 45509 | D101: Custom promo July | E101: SnowRunner Year 3 Pass | F101: 24.99 | G101: =F101*(1-H101) -> 18.7425 | H101: 0.25
A102: Steam | B102: 45500 | C102: 45509 | D102: Custom promo July | E102: SnowRunner Year 4 Pass | F102: 24.99 | G102: =F102*(1-H102) -> 24.99 | H102: 0
A106: MICROSOFT
A109: MICROSOFT | B109: 45307 | C109: 45313 | D109: Deals With Game Pass Ultimate and Core | E109: SnowRunner - 3-Year Anniversary Edition | F109: $99,99 | G109: $50,00 | H109: 0.5
A110: MICROSOFT | B110: 45307 | C110: 45313 | D110: Deals With Game Pass Ultimate and Core | E110: SnowRunner - Season 1: Search & Recover | F110: $6,99 | G110: $4,54 | H110: 0.35
A111: MICROSOFT | B111: 45307 | C111: 45313 | D111: Deals With Game Pass Ultimate and Core | E111: SnowRunner - Season 2: Explore & Expand | F111: $6,99 | G111: $4,54 | H111: 0.35
A112: MICROSOFT | B112: 45307 | C112: 45313 | D112: Deals With Game Pass Ultimate and Core | E112: SnowRunner - Season 3: Locate & Deliver | F112: $6,99 | G112: $4,54 | H112: 0.35
...

Sheet Expeditions 2024
A1: 2024
A2: Partner | B2: Start Date | C2: End Date | D2: Program | E2: Content Name | F2: Current SRP ($USD) | G2: Promo SRP ($USD) | H2: Discount %
A3: STEAM
A4: Steam | B4: 45404 | C4: 45411 | D4: Custom | E4: Expeditions Base Game | F4: 39.99 | G4: =F4*(1-H4) -> 31.992 | H4: 0.2
A5: Steam | B5: 45404 | C5: 45411 | D5: Custom | E5: Expeditions Year 1 Edition | F5: 59.99 | G5: =F5*(1-H5) -> 47.992 | H5: 0.2
A6: Steam | B6: 45404 | C6: 45411 | D6: Custom | E6: Expeditions Supreme Edition | F6: 69.99 | G6: =F6*(1-H6) -> 55.992 | H6: 0.2
A7: Steam | B7: 45404 | C7: 45411 | D7: Custom | E7: Expeditions Year 1 pass | F7: 29.99 | G7: =F7*(1-H7) -> 29.99 | H7: 0
A8: Steam | B8: 45404 | C8: 45411 | D8: Custom | E8: Expeditions Pioneer pack | F8: 11.99 | G8: =F8*(1-H8) -> 9.592 | H8: 0.2
A9: Steam | B9: 45404 | C9: 45411 | D9: Custom | E9: Expeditions the Great Don 71 | F9: 2.99 | G9: =F9*(1-H9) -> 2.392 | H9: 0.2
A10: Steam | B10: 45404 | C10: 45411 | D10: Custom | E10: Expeditions cotto canyon | F10: 2.99 | G10: =F10*(1-H10) -> 2.392 | H10: 0.2
A12: Steam | B12: 45442 | C12: 45453 | D12: Custom | E12: Expeditions Base Game | F12: 39.99 | G12: =F12*(1-H12) -> 31.992 | H12: 0.2 | I12: tbc resulats promo 1
A13: Steam | B13: 45442 | C13: 45453 | D13: Custom | E13: Expeditions Year 1 Edition | F13: 59.99 | G13: =F13*(1-H13) -> 47.992 | H13: 0.2 | I13: tbc resulats promo 1
A14: Steam | B14: 45442 | C14: 45453 | D14: Custom | E14: Expeditions Supreme Edition | F14: 69.99 | G14: =F14*(1-H14) -> 55.992 | H14: 0.2
A15: Steam | B15: 45442 | C15: 45453 | D15: Custom | E15: Expeditions Year 1 pass | F15: 29.99 | G15: =F15*(1-H15) -> 29.99 | H15: 0
A16: Steam | B16: 45442 | C16: 45453 | D16: Custom | E16: Expeditions Pioneer pack | F16: 11.99 | G16: =F16*(1-H16) -> 11.99 | H16: 0
A17: Steam | B17: 45442 | C17: 45453 | D17: Custom | E17: Expeditions the Great Don 71 | F17: 2.99 | G17: =F17*(1-H17) -> 2.99 | H17: 0
A18: Steam | B18: 45442 | C18: 45453 | D18: Custom | E18: Expeditions cotto canyon | F18: 2.99 | G18: =F18*(1-H18) -> 2.99 | H18: 0
A20: Steam | B20: 45491 | C20: 45505 | D20: Custom Deal | E20: Expeditions Base Game | F20: 39.99 | G20: =F20*(1-H20) -> 29.9925 | H20: 0.25
A21: Steam | B21: 45491 | C21: 45505 | D21: Custom Deal | E21: Expeditions Year 1 Edition | F21: 59.99 | G21: =F21*(1-H21) -> 44.9925 | H21: 0.25
A22: Steam | B22: 45491 | C22: 45505 | D22: Custom Deal | E22: Expeditions Supreme Edition | F22: 69.99 | G22: =F22*(1-H22) -> 49.6929 | H22: 0.29
A23: Steam | B23: 45491 | C23: 45505 | D23: Custom Deal | E23: Expeditions Year 1 pass | F23: 29.99 | G23: =F23*(1-H23) -> 29.99 | H23: 0
A24: Steam | B24: 45491 | C24: 45505 | D24: Custom Deal | E24: Expeditions Pioneer pack | F24: 11.99 | G24: =F24*(1-H24) -> 9.592 | H24: 0.2
A25: Steam | B25: 45491 | C25: 45505 | D25: Custom Deal | E25: Expeditions the Great Don 71 | F25: 2.99 | G25: =F25*(1-H25) -> 2.392 | H25: 0.2
A26: Steam | B26: 45491 | C26: 45505 | D26: Custom Deal | E26: Expeditions cotto canyon | F26: 2.99 | G26: =F26*(1-H26) -> 2.392 | H26: 0.2
A28: MICROSOFT
A29: MS | B29: 45412 | C29: 45418 | D29: Deals With Game Pass Ultimate and Core | E29: Expeditions: A MudRunner Game | F29: 49.99 | G29: =F29*(1-H29) -> 39.992 | H29: 0.2
A30: MS | B30: 45412 | C30: 45418 | D30: Deals With Game Pass Ultimate and Core | E30: Expeditions: A MudRunner Game - Supreme Edition | F30: 79.99 | G30: =F30*(1-H30) -> 63.992 | H30: 0.2
A31: MS | B31: 45419 | C31: 45425 | D31: Deals With Game Pass Ultimate and Core | E31: Expeditions: A MudRunner Game - Year 1 Edition | F31: 69.99 | G31: =F31*(1-H31) -> 55.992 | H31: 0.2
A32: MS | B32: 45454 | C32: 45460 | D32: Deals With Game Pass Ultimate and Core | E32: Expeditions: A MudRunner Game | F32: 49.99 | G32: =F32*(1-H32) -> 39.992 | H32: 0.2
A33: MS | B33: 45454 | C33: 45460 | D33: Deals With Game Pass Ultimate and Core | E33: Expeditions: A MudRunner Game - Supreme Edition | F33: 79.99 | G33: =F33*(1-H33) -> 63.992 | H33: 0.2
A34: MS | B34: 45461 | C34: 45467 | D34: School Out Sale | E34: Expeditions: A MudRunner Game - Year 1 Edition | F34: 69.99 | G34: =F34*(1-H34) -> 55.992 | H34: 0.2
A35: MS | B35: 45491 | C35: 45504 | D35: Ultimate Game Sale | E35: Expeditions: A MudRunner Game | F35: 49.99 | G35: =F35*(1-H35) -> 37.4925 | H35: 0.25
A36: MS | B36: 45503 | C36: 45509 | D36: Deals With Game Pass Ultimate and Core | E36: Expeditions: A MudRunner Game - Year 1 Edition | F36: 69.99 | G36: =F36*(1-H36) -> 52.4925 | H36: 0.25
A37: MS | B37: 45510 | C37: 45516 | D37: Deals With Game Pass Ultimate and Core | E37: Expeditions: A MudRunner Game - Supreme Edition | F37: 79.99 | G37: =F37*(1-H37) -> 59.9925 | H37: 0.25
A38: MS | B38: 45491 | C38: 45504 | D38: Publisher Dedicated Sale | E38: Expeditions: A MudRunner Game | F38: 49.99 | G38: =F38*(1-H38) -> 33.4933 | H38: 0.33
A39: MS | B39: 45552 | C39: 45558 | D39: Deals With Game Pass Ultimate and Core | E39: Expeditions: A MudRunner Game - Year 1 Edition | F39: 69.99 | G39: =F39*(1-H39) -> 52.4925 | H39: 0.25
A40: MS | B40: 45559 | C40: 45565 | D40: Deals With Game Pass Ultimate and Core | E40: Expeditions: A MudRunner Game - Supreme Edition | F40: 79.99 | G40: =F40*(1-H40) -> 59.9925 | H40: 0.25
A42: SONY
A43: SIE | B43: 45406 | C43: 45420 | D43: May Savings / Golden Week | E43: Expeditions Base Game | F43: 49.99 | G43: =F43*(1-H43) -> 39.992 | H43: 0.2
A44: SIE | E44: Expeditions Supreme Edition | F44: 79.99 | G44: =F44*(1-H44) -> 63.992 | H44: 0.2
A45: SIE | B45: 45420 | C45: 45434 | D45: Big Games Big Deals | E45: Expeditions Year 1 Edition | F45: 69.99 | G45: =F45*(1-H45) -> 55.992 | H45: 0.2
A46: SIE | B46: 45441 | C46: 45455 | D46: Days of Play | E46: Expeditions Base Game | F46: 49.99 | G46: =F46*(1-H46) -> 37.4925 | H46: 0.25
A47: SIE | E47: Expeditions Supreme Edition | F47: 79.99 | G47: =F47*(1-H47) -> 59.9925 | H47: 0.25
A48: SIE | B48: 45455 | C48: 45469 | D48: PS+ Exclusive Discount | E48: Expeditions Year 1 Edition | F48: 69.99 | G48: =F48*(1-H48) -> 52.4925 | H48: 0.25
A49: SIE | B49: 45471 | C49: 45474 | D49: WE Offer | E49: Expeditions Base Game | F49: 49.99 | G49: =F49*(1-H49) -> 34.993 | H49: 0.3
A50: SIE | E50: Expeditions Supreme Edition | F50: 79.99 | G50: =F50*(1-H50) -> 55.993 | H50: 0.3
A51: SIE | B51: 45490 | C51: 45504 | D51: Summer Sale P1 | E51: Expeditions Base Game | F51: 49.99 | G51: =F51*(1-H51) -> 34.993 | H51: 0.3
A52: SIE | E52: Expeditions Supreme Edition | F52: 79.99 | G52: =F52*(1-H52) -> 55.993 | H52: 0.3
A53: SIE | B53: 45504 | C53: 45518 | D53: Summer Sale P2 | E53: Expeditions Year 1 Edition | F53: 69.99 | G53: =F53*(1-H53) -> 48.993 | H53: 0.3
A54: SIE | B54: 45518 | C54: 45532 | D54: PS+ WE Offer | E54: Expeditions Base Game | F54: 49.99 | G54: =F54*(1-H54) -> 34.993 | H54: 0.3
A55: SIE | E55: Expeditions Supreme Edition | F55: 79.99 | G55: =F55*(1-H55) -> 55.993 | H55: 0.3
A56: SIE | B56: 45532 | C56: 45546 | D56: Dealmania | E56: Expeditions Base Game | F56: 49.99 | G56: =F56*(1-H56) -> 34.993 | H56: 0.3
A57: SIE | E57: Expeditions Supreme Edition | F57: 79.99 | G57: =F57*(1-H57) -> 55.993 | H57: 0.3
A58: SIE | B58: 45546 | C58: 45560 | D58: Planet of the Discounts | E58: Expeditions Year 1 Edition | F58: 69.99 | G58: =F58*(1-H58) -> 48.993 | H58: 0.3
A59: SIE | B59: 45574 | C59: 45588 | D59: Autumn Savings | E59: Expeditions Base Game | F59: 49.99 | G59: =F59*(1-H59) -> 34.993 | H59: 0.3
A60: SIE | E60: Expeditions Supreme Edition | F60: 79.99 | G60: =F60*(1-H60) -> 55.993 | H60: 0.3
A61: SIE | B61: 45588 | C61: 45602 | D61: Essential Picks | E61: Expeditions Year 1 Edition | F61: 69.99 | G61: =F61*(1-H61) -> 48.993 | H61: 0.3
A62: SIE | B62: 45602 | C62: 45603 | D62: Singles Day | E62: Expeditions Base Game | F62: 49.99 | G62: =F62*(1-H62) -> 32.4935 | H62: 0.35
A63: SIE | E63: Expeditions Supreme Edition | F63: 79.99 | G63: =F63*(1-H63) -> 51.9935 | H63: 0.35
A64: SIE | B64: 45618 | C64: 45628 | D64: Black Friday | E64: Expeditions Base Game | F64: 49.99 | G64: =F64*(1-H64) -> 32.4935 | H64: 0.35
A65: SIE | E65: Expeditions Supreme Edition | F65: 79.99 | G65: =F65*(1-H65) -> 51.9935 | H65: 0.35
A66: SIE | B66: 45628 | C66: 45646 | D66: PlayStation 30th Anniversary | E66: Expeditions Year 1 Edition | F66: 69.99 | G66: =F66*(1-H66) -> 45.4935 | H66: 0.35
A67: SIE | B67: 45642 | C67: 45645 | D67: PS+ Early | E67: Expeditions Base Game | F67: 49.99 | G67: =F67*(1-H67) -> 32.4935 | H67: 0.35
A68: SIE | E68: Expeditions Supreme Edition | F68: 79.99 | G68: =F68*(1-H68) -> 51.9935 | H68: 0.35
A69: SIE | B69: 45646 | C69: 45663 | D69: Holiday Sale P1 | E69: Expeditions Base Game | F69: 49.99 | G69: =F69*(1-H69) -> 32.4935 | H69: 0.35
A70: SIE | E70: Expeditions Supreme Edition | F70: 79.99 | G70: =F70*(1-H70) -> 51.9935 | H70: 0.35
A71: SIE | B71: 45660 | C71: 45674 | D71: Holiday Sale P2 | E71: Expeditions Year 1 Edition | F71: 69.99 | G71: =F71*(1-H71) -> 45.4935 | H71: 0.35
A72: SIE | B72: 45686 | C72: 45699 | D72: Critic's Choice | E72: Expeditions Base Game | F72: 49.99 | G72: =F72*(1-H72) -> 32.4935 | H72: 0.35
A73: SIE | E73: Expeditions Supreme Edition | F73: 79.99 | G73: =F73*(1-H73) -> 51.9935 | H73: 0.35

Sheet ISS 2023
A1: Partner | B1: Start Date | C1: End Date | D1: Program | E1: Content Name | F1: Current SRP ($USD) | G1: Promo SRP ($USD) | H1: Discount %
A2: MICROSOFT | B2: 44658 | C2: 44673 | D2: Spring Sale | E2: Insurgency Sandstorm | F2: $39,99 | G2: $26,79 | H2: 0.33
A3: MICROSOFT | B3: 44673 | C3: 44687 | D3: Shooter Sale | E3: Insurgency Sandstorm Deluxe Edition | F3: $69,99 | G3: $38,49 | H3: 0.45
A4: MICROSOFT | B4: 44677 | C4: 44683 | D4: Opportunistic | E4: Insurgency Sandstorm Year Pass 1 | F4: $34,99 | G4: $27,99 | H4: 0.2
A5: MICROSOFT | B5: 44677 | C5: 44683 | D5: Opportunistic | E5: Insurgency Sandstorm Year Pass 2 | F5: $34,99 | G5: $27,99 | H5: 0.2
A6: MICROSOFT | B6: 44684 | C6: 44690 | D6: Deals with Gold | E6: Insurgency Sandstorm Gold Edition | F6: $79,99 | G6: $43,99 | H6: 0.45
A7: MICROSOFT | B7: 44698 | C7: 44711 | D7: Publisher Spotlight | E7: Insurgency Sandstorm | F7: $39,99 | G7: $26,79 | H7: 0.33
A8: MICROSOFT | B8: 44719 | C8: 44725 | D8: Deals with Gold | E8: Insurgency Sandstorm Deluxe Edition | F8: $69,99 | G8: $38,49 | H8: 0.45
A9: MICROSOFT | B9: 44719 | C9: 44725 | D9: Deals with Gold | E9: Insurgency: Sandstorm Gold Edition | F9: $79,99 | G9: $43,99 | H9: 0.45
A10: MICROSOFT | B10: 44726 | C10: 44732 | D10: Deals with Gold | E10: Insurgency Sandstorm | F10: $39,99 | G10: $23,99 | H10: 0.4
A11: MICROSOFT | B11: 44726 | C11: 44732 | D11: Deals with Gold | E11: Insurgency Sandstorm Year Pass 1 | F11: $34,99 | G11: $27,99 | H11: 0.2
A12: MICROSOFT | B12: 44726 | C12: 44732 | D12: Deals with Gold | E12: Insurgency Sandstorm Year Pass 2 | F12: $34,99 | G12: $27,99 | H12: 0.2
A13: MICROSOFT | B13: 44747 | C13: 44753 | D13: Deals with Gold | E13: Insurgency Sandstorm Deluxe Edition | F13: $69,99 | G13: $38,49 | H13: 0.45
... A35: MICROSOFT | B35: 44915 | C35: 44921 | D35: Deals with Gold | E35: Insurgency Sandstorm Gold Edition | F35: $79,99 | G35: $32,00 | H35: 0.5
A36: 2023
A37: MICROSOFT | B37: 44578 | C37: 44584 | D37: Deals with Gold | E37: Insurgency Sandstorm | F37: $39,99 | G37: $20,00 | H37: 0.5
A38: MICROSOFT | B38: 44578 | C38: 44584 | D38: Opportunistic | E38: Insurgency: Sandstorm - Year 1 Pass | F38: $34,99 | G38: $27,99 | H38: 0.2
A39: MICROSOFT | B39: 44578 | C39: 44584 | D39: Opportunistic | E39: Insurgency: Sandstorm - Year 2 Pass | F39: $34,99 | G39: $27,99 | H39: 0.2
A40: MICROSOFT | B40: 44585 | C40: 44591 | D40: Deals with Gold | E40: Insurgency Sandstorm Deluxe Edition | F40: $69,99 | G40: $35,00 | H40: 0.5
A41: MICROSOFT | B41: 44592 | C41: 44598 | D41: Deals with Gold | E41: Insurgency Sandstorm Gold Edition | F41: $79,99 | G41: $40,00 | H41: 0.5
A42: MICROSOFT | B42: 44620 | C42: 44626 | D42: Deals with Gold | E42: Insurgency Sandstorm | F42: $39,99 | G42: $20,00 | H42: 0.5
A43: MICROSOFT | B43: 44620 | C43: 44626 | D43: Opportunistic | E43: Insurgency: Sandstorm - Year 1 Pass | F43: $34,99 | G43: $27,99 | H43: 0.2
A44: MICROSOFT | B44: 44620 | C44: 44626 | D44: Opportunistic | E44: Insurgency: Sandstorm - Year 2 Pass | F44: $34,99 | G44: $27,99 | H44: 0.2
A45: MICROSOFT | B45: 44627 | C45: 44633 | D45: Best Rated Sale | E45: Insurgency Sandstorm Gold Edition | F45: $79,99 | G45: $40,00 | H45: 0.5
A46: MICROSOFT | B46: 44634 | C46: 44640 | D46: Deals with Gold | E46: Insurgency Sandstorm Deluxe Edition | F46: $69,99 | G46: $35,00 | H46: 0.5
A47: Partner | B47: Start Date | C47: End Date | D47: Program | E47: Content Name | F47: Current SRP ($USD) | G47: Promo SRP ($USD) | H47: Discount %
A48: Steam | B48: 44683 | C48: 44686 | D48: Midweek Madness | E48: Insurgency Sandstorm | F48: $29,99 | G48: $14,99 | H48: 0.5
A49: Steam | B49: 44683 | C49: 44686 | D49: Midweek Madness | E49: Insurgency Sandstorm Deluxe Edition | F49: $59,99 | G49: $29,99 | H49: 0.5
A50: Steam | B50: 44683 | C50: 44686 | D50: Midweek Madness | E50: Insurgency Sandstorm Gold Edition | F50: $69,99 | G50: $46,89 | H50: 0.33
A51: Steam | B51: 44683 | C51: 44686 | D51: Midweek Madness | E51: Insurgency Sandstorm Year Pass 1 | F51: $34,99 | G51: $27,99 | H51: 0.2
A52: Steam | B52: 44683 | C52: 44686 | D52: Midweek Madness | E52: Insurgency Sandstorm Year Pass 2 | F52: $34,99 | G52: $34,99 | H52: 0
A53: Steam | B53: 44683 | C53: 44686 | D53: Midweek Madness | E53: Insurgency Sandstorm Year Pass 1 + 2 | F53: $54,99 | G53: $43,99 | H53: 0.2
A54: Steam | B54: 44683 | C54: 44686 | D54: Midweek Madness | E54: 4 DLCs pack | F54: $9,99 | G54: $7,99 | H54: 0.2
A56: Steam | B56: 44735 | C56: 44749 | D56: Summer Sales | E56: Insurgency Sandstorm | F56: $29,99 | G56: $14,99 | H56: 0.5
A57: Steam | B57: 44735 | C57: 44749 | D57: Summer Sales | E57: Insurgency Sandstorm Deluxe Edition | F57: $59,99 | G57: $29,99 | H57: 0.5
A58: Steam | B58: 44735 | C58: 44749 | D58: Summer Sales | E58: Insurgency Sandstorm Gold Edition | F58: $69,99 | G58: $46,89 | H58: 0.33
A59: Steam | B59: 44735 | C59: 44749 | D59: Summer Sales | E59: Insurgency Sandstorm Year Pass 1 | F59: $34,99 | G59: $27,99 | H59: 0.2
A60: Steam | B60: 44735 | C60: 44749 | D60: Summer Sales | E60: Insurgency Sandstorm Year Pass 2 | F60: $34,99 | G60: $34,99 | H60: 0
... A74: Steam | B74: 44847 | C74: 44854 | D74: Custom deal | E74: Insurgency Sandstorm Deluxe Edition | F74: $59,99 | G74: $29,99 | H74: 0.5
A75: Steam | B75: 44847 | C75: 44854 | D75: Custom deal | E75: Insurgency Sandstorm Gold Edition | F75: $69,99 | G75: $46,89 | H75: 0.33 | I75: 40 % | J75: 41.99
A76: Steam | B76: 44847 | C76: 44854 | D76: Custom deal | E76: Insurgency Sandstorm Year Pass 1 | F76: $34,99 | G76: $27,99 | H76: 0.2
A77: Steam | B77: 44847 | C77: 44854 | D77: Custom deal | E77: Insurgency Sandstorm Year Pass 2 | F77: $34,99 | G77: $34,99 | H77: 0 | I77: 0.2 | J77: 27.99
A78: Steam | B78: 44847 | C78: 44854 | D78: Custom deal | E78: Insurgency Sandstorm Year Pass 1 + 2 | F78: $54,99 | G78: $43,99 | H78: 0.2
A79: Steam | B79: 44847 | C79: 44854 | D79: Custom deal | E79: 4 DLCs pack | F79: $9,99 | G79: $7,99 | H79: 0.2
A81: Steam | B81: 44887 | C81: 44893 | D81: November Savings | E81: Insurgency Sandstorm | F81: $29,99 | G81: $14,99 | H81: 0.5
A82: Steam | B82: 44887 | C82: 44893 | D82: November Savings | E82: Insurgency Sandstorm Deluxe Edition | F82: $59,99 | G82: $29,99 | H82: 0.5
A83: Steam | B83: 44887 | C83: 44893 | D83: November Savings | E83: Insurgency Sandstorm Gold Edition | F83: $69,99 | G83: $39.89 | H83: 0.43
A84: Steam | B84: 44887 | C84: 44893 | D84: November Savings | E84: Insurgency Sandstorm Year Pass 1 | F84: $34,99 | G84: $26.24 | H84: 0.25
A85: Steam | B85: 44887 | C85: 44893 | D85: November Savings | E85: Insurgency Sandstorm Year Pass 2 | F85: $34,99 | G85: $27,99 | H85: 0.2
A86: Steam | B86: 44887 | C86: 44893 | D86: November Savings | E86: Insurgency Sandstorm Year Pass 1 + 2 | F86: $54,99 | G86: $41,24 | H86: 0.25
A87: Steam | B87: 44887 | C87: 44893 | D87: November Savings | E87: 4 DLCs pack | F87: $9,99 | G87: $7,99 | H87: 0.2
A89: Steam | B89: 44917 | C89: 44565 | D89: Winter Sales | E89: Insurgency Sandstorm | F89: $29,99 | G89: $14,99 | H89: 0.5
A90: Steam | B90: 44917 | C90: 44565 | D90: Winter Sales | E90: Insurgency Sandstorm Deluxe Edition | F90: $59,99 | G90: $29,99 | H90: 0.5
A91: Steam | B91: 44917 | C91: 44565 | D91: Winter Sales | E91: Insurgency Sandstorm Gold Edition | F91: $69,99 | G91: $39.89 | H91: 0.43
... A95: Steam | B95: 44917 | C95: 44565 | D95: Winter Sales | E95: 4 DLCs pack | F95: $9,99 | G95: $7,99 | H95: 0.2
A96: 2023
A97: Steam | B97: 44959 | C97: 44966 | D97: Games from Quebec | E97: Insurgency Sandstorm | F97: $29,99 | G97: $14,99 | H97: 0.5
A98: Steam | B98: 44959 | C98: 44966 | D98: Games from Quebec | E98: Insurgency Sandstorm Deluxe Edition | F98: $59,99 | G98: $29,99 | H98: 0.5
A99: Steam | B99: 44959 | C99: 44966 | D99: Games from Quebec | E99: Insurgency Sandstorm Gold Edition | F99: $69,99 | G99: $39.89 | H99: 0.43
A100: Steam | B100: 44959 | C100: 44966 | D100: Games from Quebec | E100: Insurgency Sandstorm Year Pass 1 | F100: $34,99 | G100: $26.24 | H100: 0.25
A101: Steam | B101: 44959 | C101: 44966 | D101: Games from Quebec | E101: Insurgency Sandstorm Year Pass 2 | F101: $34,99 | G101: $27,99 | H101: 0.2
A102: Steam | B102: 44959 | C102: 44966 | D102: Games from Quebec | E102: Insurgency Sandstorm Year Pass 1 + 2 | F102: $54,99 | G102: $41,24 | H102: 0.25
A103: Steam | B103: 44959 | C103: 44966 | D103: Games from Quebec | E103: 4 DLCs pack | F103: $9,99 | G103: $7,99 | H103: 0.2
A105: Steam | B105: 45001 | C105: 45008 | D105: Spring | E105: Insurgency Sandstorm | F105: $29,99 | G105: $14,99 | H105: 0.5
A106: Steam | B106: 45001 | C106: 45008 | D106: Spring | E106: Insurgency Sandstorm Deluxe Edition | F106: $59,99 | G106: $29,99 | H106: 0.5
A107: Steam | B107: 45001 | C107: 45008 | D107: Spring | E107: Insurgency Sandstorm Gold Edition | F107: $69,99 | G107: $39.89 | H107: 0.43
A108: Steam | B108: 45001 | C108: 45008 | D108: Spring | E108: Insurgency Sandstorm Year Pass 1 | F108: $34,99 | G108: $24,49 | H108: 0.3
A109: Steam | B109: 45001 | C109: 45008 | D109: Spring | E109: Insurgency Sandstorm Year Pass 2 | F109: $34,99 | G109: $26,34 | H109: 0.25
... A151: Steam | B151: 45223 | C151: 45236 | D151: Halloween custom | E151: 4 DLCs pack | F151: $9,99 | G151: $7,99 | H151: 0.2
A154: Partner | B154: Start Date | C154: End Date | D154: Program | E154: Content Name | F154: Current SRP ($USD) | G154: Promo SRP ($USD) | H154: Discount %
A155: Sony | B155: 44650 | C155: 44664 | D155: SPRING SALE - PART 1 | E155: Insurgency: Sandstorm - Deluxe Edition | F155: $69,99 | G155: $34,99 | H155: 0.43
A156: Sony | B156: 44650 | C156: 44664 | D156: SPRING SALE - PART 1 | E156: Insurgency: Sandstorm - Year 1 Pass | F156: $34,99 | G156: $27,99 | H156: 0.2
A157: Sony | B157: 44664 | C157: 44678 | D157: SPRING SALE - PART 2 | E157: Insurgency: Sandstorm - Gold Edition | F157: $79,99 | G157: $39,99 | H157: 0.44
A158: Sony | B158: 44692 | C158: 44706 | D158: EXTENDED PLAY | E158: Insurgency: Sandstorm - Deluxe Edition | F158: $69,99 | G158: $34,99 | H158: 0.43
A159: Sony | B159: 44692 | C159: 44706 | D159: EXTENDED PLAY | E159: Insurgency: Sandstorm - Year 1 Pass | F159: $34,99 | G159: $27,99 | H159: 0.2
A160: Sony | B160: 44692 | C160: 44706 | D160: EXTENDED PLAY | E160: Insurgency: Sandstorm - Year 2 Pass | F160: $34,99 | G160: $27,99 | H160: 0.2
A161: Sony | B161: 44706 | C161: 44720 | D161: DAYS OF PLAY | E161: Insurgency: Sandstorm | F161: $39,99 | G161: $24,79 | H161: 0.38
A162: Sony | B162: 44720 | C162: 44734 | D162: PS+ DOUBLE DISCOUNT | E162: Insurgency: Sadnstorm Gold Edition | F162: $79,99 | G162: $39,99 | H162: 0.44
A163: Sony | B163: 44734 | C163: 44748 | D163: MID YEAR DEALS | E163: Insurgency: Sandstorm Deluxe Edition | F163: $69,99 | G163: $34,99 | H163: 0.43
A164: Sony | B164: 44734 | C164: 44748 | D164: MID YEAR DEALS | E164: Insurgency: Sandstorm - Year 1 Pass | F164: $34,99 | G164: $27,99 | H164: 0.2
A165: Sony | B165: 44734 | C165: 44748 | D165: MID YEAR DEALS | E165: Insurgency: Sandstorm - Year 2 Pass | F165: $34,99 | G165: $27,99 | H165: 0.2
A166: Sony | B166: 44762 | C166: 44777 | D166: SUMMER SALE - PART 1 | E166: Insurgency: Sandstorm - Gold Edition | F166: $79,99 | G166: $40,00 | H166: 0.5
... A173: Sony | B173: 44832 | C173: 44846 | D173: Planet of the Discounts | E173: Insurgency: Sandstorm - Gold Edition | F173: $79,99 | G173: $40,00 | H173: 0.5
A174: Sony | B174: 44832 | C174: 44846 | D174: Level Up! | E174: Insurgency: Sandstorm - Year 1 Pass | F174: 34.99 | G174: =F174*(1-H174) -> 27.992 | H174: 0.2
A175: Sony | B175: 44832 | C175: 44846 | D175: Level Up! | E175: Insurgency: Sandstorm - Year 2 Pass | F175: 34.99 | G175: =F175*(1-H175) -> 27.992 | H175: 0.2
A176: Sony | B176: 44846 | C176: 44860 | D176: Essential Picks | E176: Insurgency: Sandstorm - Deluxe Edition | F176: 69.99 | G176: =F176*(1-H176) -> 34.995 | H176: 0.5
A177: Sony | B177: 44860 | C177: 44883 | D177: November Savings | E177: Insurgency: Sandstorm | F177: 39.99 | G177: =F177*(1-H177) -> 19.995 | H177: 0.5 | I177: Previously 40%
A178: Sony | B178: 44883 | C178: 44893 | D178: Black Friday | E178: Insurgency: Sandstorm - Gold Edition | F178: 79.99 | G178: =F178*(1-H178) -> 31.996 | H178: 0.6
A179: Sony | B179: 44883 | C179: 44893 | D179: Black Friday | E179: Insurgency: Sandstorm - Year 1 Pass | F179: 34.99 | G179: =F179*(1-H179) -> 26.2425 | H179: 0.25
A180: Sony | B180: 44883 | C180: 44893 | D180: Black Friday | E180: Insurgency: Sandstorm - Year 2 Pass | F180: 34.99 | G180: =F180*(1-H180) -> 27.992 | H180: 0.2
A181: Sony | B181: 44883 | C181: 44893 | D181: Black Friday | E181: Insurgency: Sandstorm - Year 1+2 Pass | F181: 54.99 | G181: =F181*(1-H181) -> 41.2425 | H181: 0.25
A182: Sony | B182: 44893 | C182: 44916 | D182: End of Year Deals | E182: Insurgency: Sandstorm - Deluxe Edition | F182: 69.99 | G182: =F182*(1-H182) -> 34.995 | H182: 0.5
A183: Sony | B183: 44916 | C183: 44932 | D183: Holiday Sale - Part 1 | E183: Insurgency: Sandstorm | F183: 39.99 | G183: =F183*(1-H183) -> 19.995 | H183: 0.5
A184: 2023
A185: Sony | B185: 44565 | C185: 44944 | D185: Holiday Sale - Part 2 | E185: Insurgency: Sandstorm - Gold Edition | F185: 79.99 | G185: =F185*(1-H185) -> 31.996 | H185: 0.6
A186: Sony | B186: 44958 | C186: 44972 | D186: Critic's Choice | E186: Insurgency: Sandstorm | F186: 39.99 | G186: =F186*(1-H186) -> 19.995 | H186: 0.5
A187: Sony | B187: 44972 | C187: 44986 | D187: PS+ Double Discount | E187: Insurgency: Sandstorm - Gold Edition | F187: 79.99 | G187: =F187*(1-H187) -> 31.996 | H187: 0.6
A188: Sony | B188: 44986 | C188: 45000 | D188: Mega March | E188: Insurgency: Sandstorm - Deluxe Edition | F188: 69.99 | G188: =F188*(1-H188) -> 34.995 | H188: 0.5
A189: Sony | B189: 45000 | C189: 45014 | D189: Essential Picks | E189: Insurgency: Sandstorm | F189: 39.99 | G189: =F189*(1-H189) -> 19.995 | H189: 0.5
A190: Sony | B190: 45014 | C190: 45028 | D190: Spring Sale - Part 1 | E190: Insurgency: Sandstorm - Gold Edition | F190: 79.99 | G190: =F190*(1-H190) -> 31.996 | H190: 0.6
...

Sheet Snow 2023
A1: Partner | B1: Start Date | C1: End Date | D1: Program | E1: Content Name | F1: Current SRP ($USD) | G1: Promo SRP ($USD) | H1: Discount %
A2: MICROSOFT | B2: 44845 | C2: 44851 | D2: Publisher Sale | E2: SnowRunner | F2: $39,99 | G2: $25,99 | H2: 0.35
A3: MICROSOFT | B3: 44852 | C3: 44858 | D3: Deals with Gold | E3: SnowRunner - Premium Edition | F3: $59,99 | G3: $30,00 | H3: 0.5
A4: MICROSOFT | B4: 44852 | C4: 44858 | D4: Opportunistic | E4: SnowRunner Year 1 Pass | F4: $24,99 | G4: $19,99 | H4: 0.2
A5: MICROSOFT | B5: 44852 | C5: 44858 | D5: Opportunistic | E5: SnowRunner Year 2 Pass | F5: $24,99 | G5: $19,99 | H5: 0.2
A6: MICROSOFT | B6: 44873 | C6: 44879 | D6: Deals with Gold | E6: SnowRunner | F6: $39,99 | G6: $23,99 | H6: 0.4
A7: MICROSOFT | B7: 44882 | C7: 44895 | D7: Black Friday Sale | E7: SnowRunner - Premium Edition | F7: $59,99 | G7: $30,00 | H7: 0.5
A8: MICROSOFT | B8: 44901 | C8: 44907 | D8: Deals with Gold | E8: SnowRunner | F8: $39,99 | G8: $20,00 | H8: 0.5
A9: MICROSOFT | B9: 44901 | C9: 44907 | D9: Opportunistic | E9: SnowRunner Year 1 Pass | F9: $24,99 | G9: $17,49 | H9: 0.3
A10: MICROSOFT | B10: 44901 | C10: 44907 | D10: Opportunistic | E10: SnowRunner Year 2 Pass | F10: $24,99 | G10: $19,99 | H10: 0.2
A11: 2023
A12: MICROSOFT | B12: 44571 | C12: 44577 | D12: Deals with Gold | E12: SnowRunner | F12: $39,99 | G12: $20,00 | H12: 0.5
A13: MICROSOFT | B13: 44571 | C13: 44577 | D13: Opportunistic | E13: SnowRunner Year 1 Pass | F13: $24,99 | G13: $17,49 | H13: 0.3
A14: MICROSOFT | B14: 44571 | C14: 44577 | D14: Opportunistic | E14: SnowRunner Year 2 Pass | F14: $24,99 | G14: $17,49 | H14: 0.3
A15: MICROSOFT | B15: 44578 | C15: 44591 | D15: Lunar New Year Sale | E15: SnowRunner - Season 1: Search & Recover | F15: $6,99 | G15: $5,59 | H15: 0.2
A16: MICROSOFT | B16: 44578 | C16: 44591 | D16: Lunar New Year Sale | E16: SnowRunner - Season 2: Explore & Expand | F16: $6,99 | G16: $5,59 | H16: 0.2
A17: MICROSOFT | B17: 44578 | C17: 44591 | D17: Lunar New Year Sale | E17: SnowRunner - Season 3: Locate & Deliver | F17: $6,99 | G17: $5,59 | H17: 0.2
A18: MICROSOFT | B18: 44578 | C18: 44591 | D18: Lunar New Year Sale | E18: SnowRunner - Season 4: New Frontiers | F18: $11,99 | G18: $9,59 | H18: 0.2
A19: MICROSOFT | B19: 44578 | C19: 44591 | D19: Lunar New Year Sale | E19: SnowRunner - Season 5: Build & Dispatch | F19: $6,99 | G19: $5,59 | H19: 0.2
A20: MICROSOFT | B20: 44578 | C20: 44591 | D20: Lunar New Year Sale | E20: SnowRunner - Saison 6 : Haul & Hustle | F20: $6,99 | G20: $5,59 | H20: 0.2
A21: MICROSOFT | B21: 44606 | C21: 44612 | D21: Deals with Gold | E21: SnowRunner - Premium Edition | F21: $49,99 | G21: $29,99 | H21: 0.4
A22: MICROSOFT | B22: 44620 | C22: 44626 | D22: Deals with Gold | E22: SnowRunner - Season 1: Search & Recover | F22: $6,99 | G22: $5,59 | H22: 0.2
A23: MICROSOFT | B23: 44620 | C23: 44626 | D23: Deals with Gold | E23: SnowRunner - Season 2: Explore & Expand | F23: $6,99 | G23: $5,59 | H23: 0.2
... A31: MICROSOFT | B31: 44641 | C31: 44647 | D31: Critically Acclaimed Sale | E31: SnowRunner - Premium Edition | F31: $49,99 | G31: $29,99 | H31: 0.4
A33: Partner | B33: Start Date | C33: End Date | D33: Program | E33: Content Name | F33: Current SRP ($USD) | G33: Promo SRP ($USD) | H33: Discount %
A34: Steam | B34: 44735 | C34: 44749 | D34: Summer Sales | E34: SnowRunner | F34: 29.99 | G34: =F34*(1-H34) -> 17.994 | H34: 0.4
A35: Steam | B35: 44735 | C35: 44749 | D35: Summer Sales | E35: SnowRunner - Premium Edition | F35: 49.99 | G35: =F35*(1-H35) -> 29.994 | H35: 0.4
A36: Steam | B36: 44735 | C36: 44749 | D36: Summer Sales | E36: SnowRunner Year 1 Pass | F36: 24.99 | G36: =F36*(1-H36) -> 19.992 | H36: 0.2
A37: Steam | B37: 44735 | C37: 44749 | D37: Summer Sales | E37: SnowRunner Year 2 Pass | F37: 24.99 | G37: =F37*(1-H37) -> 21.2415 | H37: 0.15
A38: Steam | B38: 44735 | C38: 44749 | D38: Summer Sales | E38: Snowrunner S1 S2 S3 S5 | F38: 6.99 | G38: =F38*(1-H38) -> 5.2425 | H38: 0.25
A39: Steam | B39: 44735 | C39: 44749 | D39: Summer Sales | E39: Snowrunner S4 | F39: 11.99 | G39: =F39*(1-H39) -> 8.9925 | H39: 0.25
A40: Steam | B40: 44735 | C40: 44749 | D40: Summer Sales | E40: SnowRunner S6 S7 | F40: 6.99 | G40: =F40*(1-H40) -> 5.9415 | H40: 0.15
A41: Steam | B41: 44735 | C41: 44749 | D41: Summer Sales | E41: Snowrunner All DLCs (except wolfpack) | H41: 0.2
A43: Steam | B43: 44809 | C43: 44819 | D43: Publisher sales | E43: SnowRunner | F43: 29.99 | G43: =F43*(1-H43) -> 17.994 | H43: 0.4
A44: Steam | B44: 44810 | C44: 44820 | D44: Publisher sales | E44: SnowRunner - Premium Edition | F44: 49.99 | G44: =F44*(1-H44) -> 29.994 | H44: 0.4
A45: Steam | B45: 44811 | C45: 44821 | D45: Publisher sales | E45: SnowRunner Year 1 Pass | F45: 24.99 | G45: =F45*(1-H45) -> 18.7425 | H45: 0.25
A46: Steam | B46: 44812 | C46: 44822 | D46: Publisher sales | E46: SnowRunner Year 2 Pass | F46: 24.99 | G46: =F46*(1-H46) -> 19.992 | H46: 0.2
A47: Steam | B47: 44813 | C47: 44823 | D47: Publisher sales | E47: Snowrunner S1 S2 S3 S5 | F47: 6.99 | G47: =F47*(1-H47) -> 4.893 | H47: 0.3
A48: Steam | B48: 44814 | C48: 44824 | D48: Publisher sales | E48: Snowrunner S4 | F48: 11.99 | G48: =F48*(1-H48) -> 8.393 | H48: 0.3
A49: Steam | B49: 44815 | C49: 44825 | D49: Publisher sales | E49: SnowRunner S6 S7 | F49: 6.99 | G49: =F49*(1-H49) -> 5.592 | H49: 0.2
A50: Steam | B50: 44816 | C50: 44826 | D50: Publisher sales | E50: Snowrunner All DLCs (except wolfpack) | H50: 0.2
A52: Steam | B52: 44847 | C52: 44856 | D52: Silent + daily deal on 17 to 19th + extended | E52: SnowRunner | F52: 29.99 | G52: =F52*(1-H52) -> 17.994 | H52: 0.4
A53: Steam | B53: 44847 | C53: 44856 | D53: Silent + daily deal on 17 to 19th + extended | E53: SnowRunner - Premium Edition | F53: 49.99 | G53: =F53*(1-H53) -> 29.994 | H53: 0.4
A54: Steam | B54: 44847 | C54: 44856 | D54: Silent + daily deal on 17 to 19th + extended | E54: SnowRunner Year 1 Pass | F54: 24.99 | G54: =F54*(1-H54) -> 18.7425 | H54: 0.25
A55: Steam | B55: 44847 | C55: 44856 | D55: Silent + daily deal on 17 to 19th + extended | E55: SnowRunner Year 2 Pass | F55: 24.99 | G55: =F55*(1-H55) -> 19.992 | H55: 0.2
A56: Steam | B56: 44847 | C56: 44856 | D56: Silent + daily deal on 17 to 19th + extended | E56: Snowrunner S1 S2 S3 S5 | F56: 6.99 | G56: =F56*(1-H56) -> 4.893 | H56: 0.3
A57: Steam | B57: 44847 | C57: 44856 | D57: Silent + daily deal on 17 to 19th + extended | E57: Snowrunner S4 | F57: 11.99 | G57: =F57*(1-H57) -> 8.393 | H57: 0.3
A58: Steam | B58: 44847 | C58: 44856 | D58: Silent + daily deal on 17 to 19th + extended | E58: SnowRunner S6 S7 | F58: 6.99 | G58: =F58*(1-H58) -> 5.592 | H58: 0.2
A59: Steam | B59: 44847 | C59: 44856 | D59: Silent + daily deal on 17 to 19th + extended | E59: Snowrunner All DLCs (except wolfpack) | H59: 0.2
A61: Steam | B61: 44887 | C61: 44894 | D61: November Savings | E61: SnowRunner | F61: 29.99 | G61: =F61*(1-H61) -> 16.4945 | H61: 0.45
A62: Steam | B62: 44887 | C62: 44894 | D62: November Savings | E62: SnowRunner - Premium Edition | F62: 49.99 | G62: =F62*(1-H62) -> 27.4945 | H62: 0.45
A63: Steam | B63: 44887 | C63: 44894 | D63: November Savings | E63: SnowRunner Year 1 Pass | F63: 24.99 | G63: =F63*(1-H63) -> 18.7425 | H63: 0.25
A64: Steam | B64: 44887 | C64: 44894 | D64: November Savings | E64: SnowRunner Year 2 Pass | F64: 24.99 | G64: =F64*(1-H64) -> 19.992 | H64: 0.2
A65: Steam | B65: 44887 | C65: 44894 | D65: November Savings | E65: Snowrunner S1 S2 S3 S5 S6 | F65: 6.99 | G65: =F65*(1-H65) -> 4.893 | H65: 0.3
A66: Steam | B66: 44887 | C66: 44894 | D66: November Savings | E66: Snowrunner S4 | F66: 11.99 | G66: =F66*(1-H66) -> 8.393 | H66: 0.3
A67: Steam | B67: 44887 | C67: 44894 | D67: November Savings | E67: SnowRunner S7 | F67: 6.99 | G67: =F67*(1-H67) -> 5.592 | H67: 0.2
A68: Steam | B68: 44887 | C68: 44894 | D68: November Savings | E68: SnowRunner S8 | F68: 11.99 | G68: =F68*(1-H68) -> 9.592 | H68: 0.2
A69: Steam | B69: 44887 | C69: 44893 | D69: November Savings | E69: Snowrunner All DLCs (except wolfpack) | H69: 0.2
A71: Steam | B71: 44903 | C71: 44910 | D71: Promo custom Year 3 launch | E71: SnowRunner | F71: 29.99 | G71: =F71*(1-H71) -> 16.4945 | H71: 0.45
A72: Steam | B72: 44903 | C72: 44910 | D72: Promo custom Year 3 launch | E72: SnowRunner - Year 1 anniversary | F72: 39.99 | G72: =F72*(1-H72) -> 27.1932 | H72: 0.32 | I72: =G71+G73 -> 35.237
A73: Steam | B73: 44903 | C73: 44910 | D73: Promo custom Year 3 launch | E73: SnowRunner Year 1 Pass | F73: 24.99 | G73: =F73*(1-H73) -> 18.7425 | H73: 0.25
A74: Steam | B74: 44903 | C74: 44910 | D74: Promo custom Year 3 launch | E74: SnowRunner Year 2 Pass | F74: 24.99 | G74: =F74*(1-H74) -> 18.7425 | H74: 0.25
A75: Steam | B75: 44903 | C75: 44910 | D75: Promo custom Year 3 launch | E75: Snowrunner S1 S2 S3 S5 S6 | F75: 6.99 | G75: =F75*(1-H75) -> 4.893 | H75: 0.3
A76: Steam | B76: 44903 | C76: 44910 | D76: Promo custom Year 3 launch | E76: Snowrunner S4 | F76: 11.99 | G76: =F76*(1-H76) -> 8.393 | H76: 0.3
A77: Steam | B77: 44903 | C77: 44910 | D77: Promo custom Year 3 launch | E77: SnowRunner S7 | F77: 6.99 | G77: =F77*(1-H77) -> 4.893 | H77: 0.3
A78: Steam | B78: 44903 | C78: 44910 | D78: Promo custom Year 3 launch | E78: SnowRunner S8 | F78: 6.99 | G78: =F78*(1-H78) -> 4.893 | H78: 0.3
A79: Steam | B79: 44903 | C79: 44910 | D79: Promo custom Year 3 launch | E79: SnowRunner - Year 2 anniversary | F79: 69.99 | G79: =F79*(1-H79) -> 44.0937 | H79: 0.37 | I79: =G72+G74 -> 45.9357
A82: Steam | B82: 44917 | C82: 44565 | D82: Winter Sales | E82: SnowRunner | F82: 29.99 | G82: =F82*(1-H82) -> 16.4945 | H82: 0.45
A83: Steam | B83: 44917 | C83: 44565 | D83: Winter Sales | E83: SnowRunner - Premium Edition | F83: 39.99 | G83: =F83*(1-H83) -> 27.1932 | H83: 0.32
A84: Steam | B84: 44917 | C84: 44565 | D84: Winter Sales | E84: SnowRunner Year 1 Pass | F84: 24.99 | G84: =F84*(1-H84) -> 18.7425 | H84: 0.25
A85: Steam | B85: 44917 | C85: 44565 | D85: Winter Sales | E85: SnowRunner Year 2 Pass | F85: 24.99 | G85: =F85*(1-H85) -> 18.7425 | H85: 0.25
A86: Steam | B86: 44917 | C86: 44565 | D86: Winter Sales | E86: Snowrunner S1 S2 S3 S5 S6 | F86: 6.99 | G86: =F86*(1-H86) -> 4.893 | H86: 0.3
A87: Steam | B87: 44917 | C87: 44565 | D87: Winter Sales | E87: Snowrunner S4 | F87: 11.99 | G87: =F87*(1-H87) -> 8.393 | H87: 0.3
A88: Steam | B88: 44917 | C88: 44565 | D88: Winter Sales | E88: SnowRunner S7 | F88: 6.99 | G88: =F88*(1-H88) -> 5.592 | H88: 0.2
A89: Steam | B89: 44917 | C89: 44565 | D89: Winter Sales | E89: Snowrunner All DLCs (except wolfpack) | H89: 0.2
A90: 2023
A91: Steam | B91: 44959 | C91: 44966 | D91: Games from Quebec | E91: SnowRunner | F91: 29.99 | G91: =F91*(1-H91) -> 16.4945 | H91: 0.45
A92: Steam | B92: 44959 | C92: 44966 | D92: Games from Quebec | E92: SnowRunner - 1 year anniversary | F92: 39.99 | G92: =F92*(1-H92) -> 27.1932 | H92: 0.32
A93: Steam | B93: 44959 | C93: 44966 | D93: Games from Quebec | E93: SnowRunner Year 1 Pass | F93: 24.99 | G93: =F93*(1-H93) -> 18.7425 | H93: 0.25
A94: Steam | B94: 44959 | C94: 44966 | D94: Games from Quebec | E94: SnowRunner Year 2 Pass | F94: 24.99 | G94: =F94*(1-H94) -> 18.7425 | H94: 0.25
A95: Steam | B95: 44959 | C95: 44966 | D95: Games from Quebec | E95: Snowrunner all seasons | F95: 6.99 | G95: =F95*(1-H95) -> 4.893 | H95: 0.3
A96: Steam | B96: 44959 | C96: 44966 | D96: Games from Quebec | E96: SnowRunner - 2 year anniversary | F96: 69.57 | G96: =F96*(1-H96) -> 46.6119 | H96: 0.33
A97: Steam | B97: 44959 | C97: 44966 | D97: Games from Quebec | E97: SnowRunner - 3 year anniversary | F97: 91.31 | G97: =F97*(1-H97) -> 59.3515 | H97: 0.35
A98: Steam | B98: 44959 | C98: 44966 | D98: Games from Quebec
A99: Steam | B99: 45001 | C99: 45009 | D99: Spring Sales | E99: SnowRunner | F99: 29.99 | G99: =F99*(1-H99) -> 16.4945 | H99: 0.45
A100: Steam | B100: 45001 | C100: 45009 | D100: Spring Sales | E100: SnowRunner - 1 year anniversary | F100: 39.99 | G100: =F100*(1-H100) -> 27.1932 | H100: 0.32
A101: Steam | B101: 45001 | C101: 45009 | D101: Spring Sales | E101: SnowRunner Year 1 Pass | F101: 24.99 | G101: =F101*(1-H101) -> 18.7425 | H101: 0.25
A102: Steam | B102: 45001 | C102: 45009 | D102: Spring Sales | E102: SnowRunner Year 2 Pass | F102: 24.99 | G102: =F102*(1-H102) -> 18.7425 | H102: 0.25
A103: Steam | B103: 45001 | C103: 45009 | D103: Spring Sales | E103: Snowrunner all seasons except 9 | F103: 6.99 | G103: =F103*(1-H103) -> 4.893 | H103: 0.3
A104: Steam | B104: 45001 | C104: 45009 | D104: Spring Sales | E104: Snowrunner all DLCs | F104: 3.99 | G104: =F104*(1-H104) -> 3.192 | H104: 0.2
A105: Steam | B105: 45001 | C105: 45009 | D105: Spring Sales | E105: SnowRunner - 2 year anniversary | F105: 69.57 | G105: =F105*(1-H105) -> 46.6119 | H105: 0.33
A106: Steam | B106: 45001 | C106: 45009 | D106: Spring Sales | E106: SnowRunner - 3 year anniversary | F106: 91.31 | G106: =F106*(1-H106) -> 59.3515 | H106: 0.35
A108: Steam | B108: 45033 | C108: 45039 | D108: Midweek madness | E108: SnowRunner | F108: 29.99 | G108: =F108*(1-H108) -> 16.4945 | H108: 0.45
A109: Steam | B109: 45033 | C109: 45039 | D109: Midweek madness | E109: SnowRunner - 1 year anniversary | F109: 39.99 | G109: =F109*(1-H109) -> 27.1932 | H109: 0.32
A110: Steam | B110: 45033 | C110: 45039 | D110: Midweek madness | E110: SnowRunner Year 1 Pass | F110: 24.99 | G110: =F110*(1-H110) -> 18.7425 | H110: 0.25
A111: Steam | B111: 45033 | C111: 45039 | D111: Midweek madness | E111: SnowRunner Year 2 Pass | F111: 24.99 | G111: =F111*(1-H111) -> 18.7425 | H111: 0.25
... A124: Steam | B124: 45106 | C124: 45120 | D124: Summer Promo | E124: SnowRunner - 3 year anniversary | F124: 91.31 | G124: =F124*(1-H124) -> 59.3515 | H124: 0.35
A128: Partner | B128: Start Date | C128: End Date | D128: Program | E128: Content Name | F128: Current SRP ($USD) | G128: Promo SRP ($USD) | H128: Discount %
A129: Sony | B129: 44832 | C129: 44846 | D129: Planet of the Discounts | E129: SnowRunner | F129: 39.99 | G129: =F129*(1-H129) -> 23.994 | H129: 0.4
A130: Sony | B130: 44832 | C130: 44846 | D130: Level Up! | E130: SnowRunner - Year 1 Pass | F130: 24.99 | G130: =F130*(1-H130) -> 16.7433 | H130: 0.33
...
